園児ID,氏名,年齢,登園日,登園時刻,降園時刻,短時間保育,欠席,欠席理由,早朝保育,延長保育,備考
C001,佐藤 めい,0,2026-10-02,08:35,17:35,false,false,,false,false,
C002,鈴木 そら,0,2026-10-02,07:45,17:55,false,false,,true,false,
C003,高橋 はな,0,2026-10-02,09:12,14:08,true,false,,true,false,
C004,田中 たまき,0,2026-10-02,08:59,18:29,false,false,,false,true,
C005,伊藤 はなこ,0,2026-10-02,08:40,18:10,false,false,,false,false,
C006,渡辺 なな,0,2026-10-02,08:52,17:52,false,false,,false,false,
C007,山本 まひろ,0,2026-10-02,09:12,18:42,false,false,,false,false,
C008,中村 のあ,0,2026-10-02,09:02,14:19,true,false,,true,false,
C009,小林 ゆず,1,2026-10-02,09:10,18:10,false,false,,false,false,
C010,加藤 とあ,1,2026-10-02,09:04,18:04,false,false,,false,false,
C011,吉田 りか,1,2026-10-02,08:40,18:40,false,false,,false,false,
C012,山田 りゅう,1,2026-10-02,08:54,18:24,false,false,,false,true,
C013,松本 あき,1,2026-10-02,09:29,18:29,false,false,,false,false,
C014,井上 ゆい,1,2026-10-02,09:13,18:43,false,false,,false,true,
C015,木村 いつき,1,2026-10-02,09:23,17:53,false,false,,false,true,
C016,林 みお,2,2026-10-02,08:44,17:14,false,false,,false,false,
C017,斎藤 しおり,2,2026-10-02,09:10,14:12,true,false,,false,false,
C018,清水 ゆな,2,2026-10-02,08:47,17:17,false,false,,false,false,
C019,山崎 しょう,2,2026-10-02,,,false,true,通院,false,false,
C020,森 しお,2,2026-10-02,09:11,19:11,false,false,,false,false,
C021,佐藤 まこ,2,2026-10-02,08:55,18:55,false,false,,false,true,
C022,鈴木 かける,3,2026-10-02,08:39,18:09,false,false,,false,true,
C023,高橋 ゆうき,3,2026-10-02,09:04,14:07,true,false,,false,false,
C024,田中 そう,3,2026-10-02,09:17,18:47,false,false,,false,true,
C025,伊藤 きお,3,2026-10-02,09:17,19:17,false,false,,false,true,
C026,渡辺 あい,3,2026-10-02,09:27,19:27,false,false,,false,false,
C027,山本 のあな,4,2026-10-02,08:53,17:53,false,false,,false,false,
C028,中村 はると,4,2026-10-02,08:38,18:38,false,false,,false,false,
C029,小林 ひなた,4,2026-10-02,08:35,17:05,false,false,,false,false,
C030,加藤 さくら,4,2026-10-02,09:03,14:04,true,false,,true,false,
C031,吉田 のり,5,2026-10-02,07:45,18:10,false,false,,true,false,
C032,山田 いずき,5,2026-10-02,09:20,19:20,false,false,,false,false,
C033,松本 れん,5,2026-10-02,09:08,17:38,false,false,,false,false,
C034,井上 みなと,5,2026-10-02,08:54,18:54,false,false,,false,false,
C003,高橋 はな,0,2026-10-03,09:14,14:16,true,false,,true,false,
C004,田中 たまき,0,2026-10-03,09:01,17:31,false,false,,false,true,
C008,中村 のあ,0,2026-10-03,09:03,14:21,true,false,,true,false,
C012,山田 りゅう,1,2026-10-03,09:19,18:49,false,false,,false,true,
C014,井上 ゆい,1,2026-10-03,09:26,18:56,false,false,,false,true,
C015,木村 いつき,1,2026-10-03,08:52,18:22,false,false,,false,true,
C017,斎藤 しおり,2,2026-10-03,09:13,14:05,true,false,,false,false,
C021,佐藤 まこ,2,2026-10-03,09:14,17:44,false,false,,false,true,
C022,鈴木 かける,3,2026-10-03,09:01,18:01,false,false,,false,true,
C023,高橋 ゆうき,3,2026-10-03,09:03,14:27,true,false,,false,false,
C024,田中 そう,3,2026-10-03,09:25,18:55,false,false,,false,true,
C025,伊藤 きお,3,2026-10-03,09:25,18:25,false,false,,false,true,
C030,加藤 さくら,4,2026-10-03,09:04,14:11,true,false,,true,false,
C001,佐藤 めい,0,2026-10-05,09:13,17:43,false,false,,false,false,
C002,鈴木 そら,0,2026-10-05,07:45,18:23,false,false,,true,false,
C003,高橋 はな,0,2026-10-05,09:15,14:00,true,false,,true,false,
C004,田中 たまき,0,2026-10-05,08:22,17:52,false,false,,false,true,
C005,伊藤 はなこ,0,2026-10-05,09:11,18:41,false,false,,false,false,
C006,渡辺 なな,0,2026-10-05,08:30,17:00,false,false,,false,false,
C007,山本 まひろ,0,2026-10-05,08:30,17:00,false,false,,false,false,
C008,中村 のあ,0,2026-10-05,09:02,14:23,true,false,,true,false,
C009,小林 ゆず,1,2026-10-05,08:46,17:16,false,false,,false,false,
C010,加藤 とあ,1,2026-10-05,09:03,18:03,false,false,,false,false,
C011,吉田 りか,1,2026-10-05,08:23,18:23,false,false,,false,false,
C012,山田 りゅう,1,2026-10-05,09:15,18:15,false,false,,false,true,
C013,松本 あき,1,2026-10-05,08:31,18:31,false,false,,false,false,
C014,井上 ゆい,1,2026-10-05,08:28,17:30,false,false,,false,true,
C015,木村 いつき,1,2026-10-05,09:00,18:30,false,false,,false,true,
C016,林 みお,2,2026-10-05,08:40,18:10,false,false,,false,false,
C017,斎藤 しおり,2,2026-10-05,09:14,14:28,true,false,,false,false,
C018,清水 ゆな,2,2026-10-05,08:48,18:48,false,false,,false,false,
C019,山崎 しょう,2,2026-10-05,08:22,17:22,false,false,,false,false,
C020,森 しお,2,2026-10-05,08:29,16:59,false,false,,false,false,
C021,佐藤 まこ,2,2026-10-05,08:36,17:30,false,false,,false,true,
C022,鈴木 かける,3,2026-10-05,08:52,17:52,false,false,,false,true,
C023,高橋 ゆうき,3,2026-10-05,09:07,14:00,true,false,,false,false,
C024,田中 そう,3,2026-10-05,08:19,17:30,false,false,,false,true,
C025,伊藤 きお,3,2026-10-05,08:29,17:30,false,false,,false,true,
C026,渡辺 あい,3,2026-10-05,09:12,17:42,false,false,,false,false,
C027,山本 のあな,4,2026-10-05,09:10,18:40,false,false,,false,false,
C028,中村 はると,4,2026-10-05,08:19,17:19,false,false,,false,false,
C029,小林 ひなた,4,2026-10-05,08:32,18:32,false,false,,false,false,
C030,加藤 さくら,4,2026-10-05,09:06,14:17,true,false,,true,false,
C031,吉田 のり,5,2026-10-05,07:45,18:23,false,false,,true,false,
C032,山田 いずき,5,2026-10-05,08:30,18:30,false,false,,false,false,
C033,松本 れん,5,2026-10-05,09:06,19:06,false,false,,false,false,
C034,井上 みなと,5,2026-10-05,,,false,true,発熱,false,false,
C001,佐藤 めい,0,2026-10-06,08:26,18:26,false,false,,false,false,
C002,鈴木 そら,0,2026-10-06,07:45,17:25,false,false,,true,false,
C003,高橋 はな,0,2026-10-06,09:03,14:01,true,false,,true,false,
C004,田中 たまき,0,2026-10-06,08:25,17:55,false,false,,false,true,
C005,伊藤 はなこ,0,2026-10-06,08:51,17:21,false,false,,false,false,
C006,渡辺 なな,0,2026-10-06,08:15,17:15,false,false,,false,false,
C007,山本 まひろ,0,2026-10-06,08:12,18:12,false,false,,false,false,
C008,中村 のあ,0,2026-10-06,09:04,14:13,true,false,,true,false,
C009,小林 ゆず,1,2026-10-06,08:11,17:41,false,false,,false,false,
C010,加藤 とあ,1,2026-10-06,08:29,17:29,false,false,,false,false,
C011,吉田 りか,1,2026-10-06,08:55,17:25,false,false,,false,false,
C012,山田 りゅう,1,2026-10-06,08:28,17:30,false,false,,false,true,
C013,松本 あき,1,2026-10-06,08:03,16:33,false,false,,false,false,
C014,井上 ゆい,1,2026-10-06,08:05,17:30,false,false,,false,true,
C015,木村 いつき,1,2026-10-06,08:10,18:10,false,false,,false,true,
C016,林 みお,2,2026-10-06,08:31,18:31,false,false,,false,false,
C017,斎藤 しおり,2,2026-10-06,09:06,14:27,true,false,,false,false,
C018,清水 ゆな,2,2026-10-06,08:25,16:55,false,false,,false,false,
C019,山崎 しょう,2,2026-10-06,08:10,18:10,false,false,,false,false,
C020,森 しお,2,2026-10-06,08:00,18:00,false,false,,false,false,
C021,佐藤 まこ,2,2026-10-06,08:16,18:16,false,false,,false,true,
C022,鈴木 かける,3,2026-10-06,08:18,18:18,false,false,,false,true,
C023,高橋 ゆうき,3,2026-10-06,,,true,true,通院,false,false,
C024,田中 そう,3,2026-10-06,08:18,17:30,false,false,,false,true,
C025,伊藤 きお,3,2026-10-06,08:03,17:30,false,false,,false,true,
C026,渡辺 あい,3,2026-10-06,08:47,18:17,false,false,,false,false,
C027,山本 のあな,4,2026-10-06,08:03,16:33,false,false,,false,false,
C028,中村 はると,4,2026-10-06,,,false,true,家庭事情,false,false,
C029,小林 ひなた,4,2026-10-06,08:03,16:33,false,false,,false,false,
C030,加藤 さくら,4,2026-10-06,09:05,14:02,true,false,,true,false,
C031,吉田 のり,5,2026-10-06,07:45,17:08,false,false,,true,false,
C032,山田 いずき,5,2026-10-06,08:43,17:43,false,false,,false,false,
C033,松本 れん,5,2026-10-06,08:25,16:55,false,false,,false,false,
C034,井上 みなと,5,2026-10-06,09:00,18:00,false,false,,false,false,
C001,佐藤 めい,0,2026-10-07,08:26,17:56,false,false,,false,false,
C002,鈴木 そら,0,2026-10-07,07:45,18:29,false,false,,true,false,
C003,高橋 はな,0,2026-10-07,09:06,14:21,true,false,,true,false,
C004,田中 たまき,0,2026-10-07,08:45,18:15,false,false,,false,true,
C005,伊藤 はなこ,0,2026-10-07,08:15,17:45,false,false,,false,false,
C006,渡辺 なな,0,2026-10-07,,,false,true,下痢,false,false,
C007,山本 まひろ,0,2026-10-07,08:29,17:59,false,false,,false,false,
C008,中村 のあ,0,2026-10-07,09:02,14:00,true,false,,true,false,
C009,小林 ゆず,1,2026-10-07,08:29,16:59,false,false,,false,false,
C010,加藤 とあ,1,2026-10-07,08:04,17:04,false,false,,false,false,
C011,吉田 りか,1,2026-10-07,08:32,18:02,false,false,,false,false,
C012,山田 りゅう,1,2026-10-07,08:08,17:38,false,false,,false,true,
C013,松本 あき,1,2026-10-07,08:56,17:26,false,false,,false,false,
C014,井上 ゆい,1,2026-10-07,08:56,17:56,false,false,,false,true,
C015,木村 いつき,1,2026-10-07,08:23,17:53,false,false,,false,true,
C016,林 みお,2,2026-10-07,08:10,18:10,false,false,,false,false,
C017,斎藤 しおり,2,2026-10-07,09:09,14:19,true,false,,false,false,
C018,清水 ゆな,2,2026-10-07,08:51,17:21,false,false,,false,false,
C019,山崎 しょう,2,2026-10-07,08:42,18:12,false,false,,false,false,
C020,森 しお,2,2026-10-07,08:59,17:29,false,false,,false,false,
C021,佐藤 まこ,2,2026-10-07,09:00,18:00,false,false,,false,true,
C022,鈴木 かける,3,2026-10-07,08:16,17:30,false,false,,false,true,
C023,高橋 ゆうき,3,2026-10-07,09:03,14:23,true,false,,false,false,
C024,田中 そう,3,2026-10-07,08:35,17:35,false,false,,false,true,
C025,伊藤 きお,3,2026-10-07,08:17,17:47,false,false,,false,true,
C026,渡辺 あい,3,2026-10-07,08:38,17:38,false,false,,false,false,
C027,山本 のあな,4,2026-10-07,08:45,18:15,false,false,,false,false,
C028,中村 はると,4,2026-10-07,08:13,17:43,false,false,,false,false,
C029,小林 ひなた,4,2026-10-07,08:32,18:32,false,false,,false,false,
C030,加藤 さくら,4,2026-10-07,09:08,14:28,true,false,,true,false,
C031,吉田 のり,5,2026-10-07,07:45,17:28,false,false,,true,false,
C032,山田 いずき,5,2026-10-07,08:05,18:05,false,false,,false,false,
C033,松本 れん,5,2026-10-07,08:53,18:23,false,false,,false,false,
C034,井上 みなと,5,2026-10-07,08:02,16:32,false,false,,false,false,
C001,佐藤 めい,0,2026-10-08,08:10,18:10,false,false,,false,false,
C002,鈴木 そら,0,2026-10-08,07:45,18:35,false,false,,true,false,
C003,高橋 はな,0,2026-10-08,09:00,14:03,true,false,,true,false,
C004,田中 たまき,0,2026-10-08,08:04,17:30,false,false,,false,true,
C005,伊藤 はなこ,0,2026-10-08,08:34,17:04,false,false,,false,false,
C006,渡辺 なな,0,2026-10-08,08:23,17:23,false,false,,false,false,
C007,山本 まひろ,0,2026-10-08,08:27,17:27,false,false,,false,false,
C008,中村 のあ,0,2026-10-08,09:01,14:09,true,false,,true,false,
C009,小林 ゆず,1,2026-10-08,,,false,true,実家滞在,false,false,
C010,加藤 とあ,1,2026-10-08,08:13,17:13,false,false,,false,false,
C011,吉田 りか,1,2026-10-08,08:42,17:12,false,false,,false,false,
C012,山田 りゅう,1,2026-10-08,08:22,18:22,false,false,,false,true,
C013,松本 あき,1,2026-10-08,08:39,17:39,false,false,,false,false,
C014,井上 ゆい,1,2026-10-08,08:15,17:30,false,false,,false,true,
C015,木村 いつき,1,2026-10-08,08:11,18:11,false,false,,false,true,
C016,林 みお,2,2026-10-08,08:01,17:01,false,false,,false,false,
C017,斎藤 しおり,2,2026-10-08,,,true,true,行事参加,false,false,
C018,清水 ゆな,2,2026-10-08,08:42,17:42,false,false,,false,false,
C019,山崎 しょう,2,2026-10-08,08:17,17:17,false,false,,false,false,
C020,森 しお,2,2026-10-08,08:44,17:14,false,false,,false,false,
C021,佐藤 まこ,2,2026-10-08,08:24,17:30,false,false,,false,true,
C022,鈴木 かける,3,2026-10-08,08:30,17:30,false,false,,false,true,
C023,高橋 ゆうき,3,2026-10-08,09:06,14:26,true,false,,false,false,
C024,田中 そう,3,2026-10-08,08:29,17:59,false,false,,false,true,
C025,伊藤 きお,3,2026-10-08,08:19,17:30,false,false,,false,true,
C026,渡辺 あい,3,2026-10-08,08:14,16:44,false,false,,false,false,
C027,山本 のあな,4,2026-10-08,08:42,17:42,false,false,,false,false,
C028,中村 はると,4,2026-10-08,08:25,17:55,false,false,,false,false,
C029,小林 ひなた,4,2026-10-08,08:17,16:47,false,false,,false,false,
C030,加藤 さくら,4,2026-10-08,09:08,14:11,true,false,,true,false,
C031,吉田 のり,5,2026-10-08,07:45,18:41,false,false,,true,false,
C032,山田 いずき,5,2026-10-08,08:43,18:13,false,false,,false,false,
C033,松本 れん,5,2026-10-08,08:01,16:31,false,false,,false,false,
C034,井上 みなと,5,2026-10-08,08:16,17:16,false,false,,false,false,
