職員ID,種別,日付,開始,終了,理由
S01,出勤不可,2026-10-08,,,希望休
S01,休み希望,2026-10-07,,,
S01,出勤希望,2026-10-06,,,
S01,出勤希望,2026-10-08,,,
S02,出勤不可,2026-10-07,,,役員会
S02,出勤不可,2026-10-08,,,育児
S02,休み希望,2026-10-05,,,
S02,出勤希望,2026-10-05,,,
S02,出勤希望,2026-10-08,,,
S03,出勤不可,2026-10-07,,,育児
S03,休み希望,2026-10-08,,,
S03,出勤希望,2026-10-06,,,
S03,出勤希望,2026-10-07,,,
S04,出勤不可,2026-10-03,,,役員会
S04,休み希望,2026-10-05,,,
S04,出勤希望,2026-10-02,,,
S04,出勤希望,2026-10-06,,,
S05,出勤不可,2026-10-06,,,希望休
S05,休み希望,2026-10-08,,,
S05,出勤希望,2026-10-02,,,
S05,出勤希望,2026-10-05,,,
S06,出勤不可,2026-10-03,,,夏季休業
S06,休み希望,2026-10-06,,,
S06,出勤希望,2026-10-06,,,
S06,出勤希望,2026-10-08,,,
S07,出勤不可,2026-10-05,,,夏季休業
S07,出勤不可,2026-10-06,,,PTO
S07,休み希望,2026-10-06,,,
S07,出勤希望,2026-10-02,,,
S07,出勤希望,2026-10-07,,,
S08,出勤不可,2026-10-03,,,通院
S08,出勤不可,2026-10-04,,,希望休
S08,出勤不可,2026-10-08,,,PTO
S08,休み希望,2026-10-07,,,
S08,出勤希望,2026-10-02,,,
S08,出勤希望,2026-10-08,,,
S09,出勤不可,2026-10-06,,,希望休
S09,出勤不可,2026-10-07,,,役員会
S09,休み希望,2026-10-02,,,
S09,出勤希望,2026-10-07,,,
S09,出勤希望,2026-10-08,,,
S10,出勤不可,2026-10-03,,,PTO
S10,出勤不可,2026-10-08,,,PTO
S10,休み希望,2026-10-02,,,
S10,出勤希望,2026-10-02,,,
S10,出勤希望,2026-10-06,,,
S11,出勤不可,2026-10-02,,,通院
S11,出勤不可,2026-10-05,,,希望休
S11,出勤不可,2026-10-06,,,希望休
S11,休み希望,2026-10-05,,,
S11,出勤希望,2026-10-06,,,
S11,出勤希望,2026-10-07,,,
S12,出勤不可,2026-10-02,,,役員会
S12,休み希望,2026-10-02,,,
S12,出勤希望,2026-10-05,,,
S12,出勤希望,2026-10-08,,,
S13,出勤不可,2026-10-08,,,通院
S13,休み希望,2026-10-02,,,
S13,出勤希望,2026-10-06,,,
S13,出勤希望,2026-10-07,,,
S14,出勤不可,2026-10-04,,,夏季休業
S14,休み希望,2026-10-08,,,
S14,出勤希望,2026-10-06,,,
S14,出勤希望,2026-10-08,,,
S15,出勤不可,2026-10-02,,,育児
S15,休み希望,2026-10-07,,,
S15,出勤希望,2026-10-02,,,
S15,出勤希望,2026-10-06,,,
S16,出勤不可,2026-10-02,,,通院
S16,出勤不可,2026-10-05,,,育児
S16,休み希望,2026-10-08,,,
S16,出勤希望,2026-10-06,,,
S16,出勤希望,2026-10-07,,,
S17,出勤不可,2026-10-03,,,育児
S17,出勤不可,2026-10-04,,,希望休
S17,休み希望,2026-10-05,,,
S17,出勤希望,2026-10-06,,,
S17,出勤希望,2026-10-08,,,
S18,出勤不可,2026-10-03,,,PTO
S18,出勤不可,2026-10-04,,,役員会
S18,休み希望,2026-10-07,,,
S18,出勤希望,2026-10-02,,,
S18,出勤希望,2026-10-05,,,
S19,出勤不可,2026-10-07,,,育児
S19,出勤不可,2026-10-08,,,役員会
S19,休み希望,2026-10-02,,,
S19,出勤希望,2026-10-06,,,
S19,出勤希望,2026-10-07,,,
S20,出勤不可,2026-10-05,,,通院
S20,出勤不可,2026-10-06,,,夏季休業
S20,出勤不可,2026-10-07,,,PTO
S20,休み希望,2026-10-05,,,
S20,出勤希望,2026-10-06,,,
S20,出勤希望,2026-10-08,,,
S21,出勤不可,2026-10-08,,,希望休
S21,休み希望,2026-10-02,,,
S21,出勤希望,2026-10-05,,,
S21,出勤希望,2026-10-07,,,
S22,出勤不可,2026-10-06,,,夏季休業
S22,出勤不可,2026-10-07,,,通院
S22,休み希望,2026-10-07,,,
S22,出勤希望,2026-10-05,,,
S22,出勤希望,2026-10-07,,,
S23,出勤不可,2026-10-03,,,通院
S23,出勤不可,2026-10-04,,,PTO
S23,休み希望,2026-10-08,,,
S23,出勤希望,2026-10-05,,,
S23,出勤希望,2026-10-06,,,
S24,出勤不可,2026-10-07,,,希望休
S24,休み希望,2026-10-07,,,
S24,出勤希望,2026-10-06,,,
S24,出勤希望,2026-10-08,,,
S25,出勤不可,2026-10-05,,,PTO
S25,休み希望,2026-10-07,,,
S25,出勤希望,2026-10-02,,,
S25,出勤希望,2026-10-08,,,
S26,出勤不可,2026-10-02,,,役員会
S26,出勤不可,2026-10-05,,,役員会
S26,出勤不可,2026-10-06,,,役員会
S26,休み希望,2026-10-08,,,
S26,出勤希望,2026-10-07,,,
S26,出勤希望,2026-10-08,,,
S27,出勤不可,2026-10-02,,,役員会
S27,休み希望,2026-10-05,,,
S27,出勤希望,2026-10-07,,,
S27,出勤希望,2026-10-08,,,
S28,出勤不可,2026-10-02,,,PTO
S28,出勤不可,2026-10-05,,,PTO
S28,休み希望,2026-10-06,,,
S28,出勤希望,2026-10-02,,,
S28,出勤希望,2026-10-05,,,
