日付,時間帯,開始,終了,時間帯区分,必要人員,必要保育士数,配置人員,配置保育士数,不足,不足保育士数,過剰
2026-10-02,07:00-07:30,07:00,07:30,早朝保育,2,1,2,1,0,0,0
2026-10-02,07:30-08:00,07:30,08:00,早朝保育,2,1,2,1,0,0,0
2026-10-02,08:00-08:30,08:00,08:30,早朝保育,2,1,2,1,0,0,0
2026-10-02,08:30-09:00,08:30,09:00,保育標準時間,4,2,5,3,0,0,1
2026-10-02,09:00-09:30,09:00,09:30,保育標準時間,6,3,6,4,0,0,0
2026-10-02,09:30-10:00,09:30,10:00,保育標準時間,6,3,6,4,0,0,0
2026-10-02,10:00-10:30,10:00,10:30,保育標準時間,6,3,6,6,0,0,0
2026-10-02,10:30-11:00,10:30,11:00,保育標準時間,6,3,6,6,0,0,0
2026-10-02,11:00-11:30,11:00,11:30,保育標準時間,6,3,6,6,0,0,0
2026-10-02,11:30-12:00,11:30,12:00,保育標準時間,6,3,6,6,0,0,0
2026-10-02,12:00-12:30,12:00,12:30,保育標準時間,6,3,7,7,0,0,1
2026-10-02,12:30-13:00,12:30,13:00,保育標準時間,6,3,6,6,0,0,0
2026-10-02,13:00-13:30,13:00,13:30,保育標準時間,6,3,6,6,0,0,0
2026-10-02,13:30-14:00,13:30,14:00,保育標準時間,6,3,6,6,0,0,0
2026-10-02,14:00-14:30,14:00,14:30,保育標準時間,6,3,6,6,0,0,0
2026-10-02,14:30-15:00,14:30,15:00,保育標準時間,5,3,5,5,0,0,0
2026-10-02,15:00-15:30,15:00,15:30,保育標準時間,5,3,7,6,0,0,2
2026-10-02,15:30-16:00,15:30,16:00,保育標準時間,5,3,5,4,0,0,0
2026-10-02,16:00-16:30,16:00,16:30,保育標準時間,5,3,5,4,0,0,0
2026-10-02,16:30-17:00,16:30,17:00,保育標準時間,5,3,5,4,0,0,0
2026-10-02,17:00-17:30,17:00,17:30,保育標準時間,5,3,6,4,0,0,1
2026-10-02,17:30-18:00,17:30,18:00,保育標準時間,5,3,6,4,0,0,1
2026-10-02,18:00-18:30,18:00,18:30,延長保育,4,2,4,3,0,0,0
2026-10-02,18:30-19:00,18:30,19:00,延長保育,3,2,3,2,0,0,0
2026-10-02,19:00-19:30,19:00,19:30,延長保育,2,1,2,1,0,0,0
2026-10-03,07:30-08:00,07:30,08:00,早朝保育,2,1,2,2,0,0,0
2026-10-03,08:00-08:30,08:00,08:30,早朝保育,2,1,2,2,0,0,0
2026-10-03,08:30-09:00,08:30,09:00,保育標準時間,2,1,9,5,0,0,7
2026-10-03,09:00-09:30,09:00,09:30,保育標準時間,3,2,9,4,0,0,6
2026-10-03,09:30-10:00,09:30,10:00,保育標準時間,3,2,10,4,0,0,7
2026-10-03,10:00-10:30,10:00,10:30,保育標準時間,3,2,11,5,0,0,8
2026-10-03,10:30-11:00,10:30,11:00,保育標準時間,3,2,13,7,0,0,10
2026-10-03,11:00-11:30,11:00,11:30,保育標準時間,3,2,12,7,0,0,9
2026-10-03,11:30-12:00,11:30,12:00,保育標準時間,3,2,12,7,0,0,9
2026-10-03,12:00-12:30,12:00,12:30,保育標準時間,3,2,10,6,0,0,7
2026-10-03,12:30-13:00,12:30,13:00,保育標準時間,3,2,12,6,0,0,9
2026-10-03,13:00-13:30,13:00,13:30,保育標準時間,3,2,9,4,0,0,6
2026-10-03,13:30-14:00,13:30,14:00,保育標準時間,3,2,7,3,0,0,4
2026-10-03,14:00-14:30,14:00,14:30,保育標準時間,3,2,7,2,0,0,4
2026-10-03,14:30-15:00,14:30,15:00,保育標準時間,2,1,5,1,0,0,3
2026-10-03,15:00-15:30,15:00,15:30,保育標準時間,2,1,5,2,0,0,3
2026-10-03,15:30-16:00,15:30,16:00,保育標準時間,2,1,4,2,0,0,2
2026-10-03,16:00-16:30,16:00,16:30,保育標準時間,2,1,3,2,0,0,1
2026-10-03,16:30-17:00,16:30,17:00,保育標準時間,2,1,5,3,0,0,3
2026-10-03,17:00-17:30,17:00,17:30,保育標準時間,2,1,2,1,0,0,0
2026-10-03,17:30-18:00,17:30,18:00,保育標準時間,2,1,2,1,0,0,0
2026-10-03,18:00-18:30,18:00,18:30,延長保育,2,1,2,2,0,0,0
2026-10-03,18:30-19:00,18:30,19:00,延長保育,2,1,2,2,0,0,0
2026-10-03,19:00-19:30,19:00,19:30,延長保育,2,1,2,2,0,0,0
2026-10-05,07:00-07:30,07:00,07:30,早朝保育,2,1,2,2,0,0,0
2026-10-05,07:30-08:00,07:30,08:00,早朝保育,2,1,2,2,0,0,0
2026-10-05,08:00-08:30,08:00,08:30,早朝保育,3,2,3,3,0,0,0
2026-10-05,08:30-09:00,08:30,09:00,保育標準時間,5,3,5,5,0,0,0
2026-10-05,09:00-09:30,09:00,09:30,保育標準時間,6,3,6,6,0,0,0
2026-10-05,09:30-10:00,09:30,10:00,保育標準時間,6,3,6,6,0,0,0
2026-10-05,10:00-10:30,10:00,10:30,保育標準時間,6,3,6,6,0,0,0
2026-10-05,10:30-11:00,10:30,11:00,保育標準時間,6,3,6,6,0,0,0
2026-10-05,11:00-11:30,11:00,11:30,保育標準時間,6,3,6,5,0,0,0
2026-10-05,11:30-12:00,11:30,12:00,保育標準時間,6,3,6,5,0,0,0
2026-10-05,12:00-12:30,12:00,12:30,保育標準時間,6,3,7,6,0,0,1
2026-10-05,12:30-13:00,12:30,13:00,保育標準時間,6,3,6,6,0,0,0
2026-10-05,13:00-13:30,13:00,13:30,保育標準時間,6,3,7,5,0,0,1
2026-10-05,13:30-14:00,13:30,14:00,保育標準時間,6,3,6,5,0,0,0
2026-10-05,14:00-14:30,14:00,14:30,保育標準時間,6,3,6,5,0,0,0
2026-10-05,14:30-15:00,14:30,15:00,保育標準時間,5,3,5,5,0,0,0
2026-10-05,15:00-15:30,15:00,15:30,保育標準時間,5,3,5,5,0,0,0
2026-10-05,15:30-16:00,15:30,16:00,保育標準時間,5,3,5,5,0,0,0
2026-10-05,16:00-16:30,16:00,16:30,保育標準時間,5,3,5,5,0,0,0
2026-10-05,16:30-17:00,16:30,17:00,保育標準時間,5,3,5,5,0,0,0
2026-10-05,17:00-17:30,17:00,17:30,保育標準時間,5,3,5,5,0,0,0
2026-10-05,17:30-18:00,17:30,18:00,保育標準時間,4,2,4,4,0,0,0
2026-10-05,18:00-18:30,18:00,18:30,延長保育,4,2,4,2,0,0,0
2026-10-05,18:30-19:00,18:30,19:00,延長保育,3,2,3,2,0,0,0
2026-10-05,19:00-19:30,19:00,19:30,延長保育,2,1,2,2,0,0,0
2026-10-06,07:00-07:30,07:00,07:30,早朝保育,2,1,2,1,0,0,0
2026-10-06,07:30-08:00,07:30,08:00,早朝保育,2,1,2,1,0,0,0
2026-10-06,08:00-08:30,08:00,08:30,早朝保育,5,3,5,4,0,0,0
2026-10-06,08:30-09:00,08:30,09:00,保育標準時間,6,3,8,8,0,0,2
2026-10-06,09:00-09:30,09:00,09:30,保育標準時間,6,3,7,7,0,0,1
2026-10-06,09:30-10:00,09:30,10:00,保育標準時間,6,3,6,6,0,0,0
2026-10-06,10:00-10:30,10:00,10:30,保育標準時間,6,3,6,5,0,0,0
2026-10-06,10:30-11:00,10:30,11:00,保育標準時間,6,3,6,6,0,0,0
2026-10-06,11:00-11:30,11:00,11:30,保育標準時間,6,3,6,6,0,0,0
2026-10-06,11:30-12:00,11:30,12:00,保育標準時間,6,3,7,7,0,0,1
2026-10-06,12:00-12:30,12:00,12:30,保育標準時間,6,3,7,6,0,0,1
2026-10-06,12:30-13:00,12:30,13:00,保育標準時間,6,3,7,6,0,0,1
2026-10-06,13:00-13:30,13:00,13:30,保育標準時間,6,3,6,6,0,0,0
2026-10-06,13:30-14:00,13:30,14:00,保育標準時間,6,3,6,6,0,0,0
2026-10-06,14:00-14:30,14:00,14:30,保育標準時間,6,3,6,6,0,0,0
2026-10-06,14:30-15:00,14:30,15:00,保育標準時間,5,3,5,5,0,0,0
2026-10-06,15:00-15:30,15:00,15:30,保育標準時間,5,3,5,5,0,0,0
2026-10-06,15:30-16:00,15:30,16:00,保育標準時間,5,3,5,5,0,0,0
2026-10-06,16:00-16:30,16:00,16:30,保育標準時間,5,3,5,5,0,0,0
2026-10-06,16:30-17:00,16:30,17:00,保育標準時間,5,3,5,4,0,0,0
2026-10-06,17:00-17:30,17:00,17:30,保育標準時間,5,3,5,4,0,0,0
2026-10-06,17:30-18:00,17:30,18:00,保育標準時間,4,2,4,3,0,0,0
2026-10-06,18:00-18:30,18:00,18:30,延長保育,3,2,3,2,0,0,0
2026-10-06,18:30-19:00,18:30,19:00,延長保育,2,1,2,1,0,0,0
2026-10-06,19:00-19:30,19:00,19:30,延長保育,2,1,2,1,0,0,0
2026-10-07,07:00-07:30,07:00,07:30,早朝保育,2,1,2,1,0,0,0
2026-10-07,07:30-08:00,07:30,08:00,早朝保育,2,1,2,1,0,0,0
2026-10-07,08:00-08:30,08:00,08:30,早朝保育,4,2,4,3,0,0,0
2026-10-07,08:30-09:00,08:30,09:00,保育標準時間,6,3,6,6,0,0,0
2026-10-07,09:00-09:30,09:00,09:30,保育標準時間,6,3,6,6,0,0,0
2026-10-07,09:30-10:00,09:30,10:00,保育標準時間,6,3,6,6,0,0,0
2026-10-07,10:00-10:30,10:00,10:30,保育標準時間,6,3,6,6,0,0,0
2026-10-07,10:30-11:00,10:30,11:00,保育標準時間,6,3,6,6,0,0,0
2026-10-07,11:00-11:30,11:00,11:30,保育標準時間,6,3,6,6,0,0,0
2026-10-07,11:30-12:00,11:30,12:00,保育標準時間,6,3,6,6,0,0,0
2026-10-07,12:00-12:30,12:00,12:30,保育標準時間,6,3,6,6,0,0,0
2026-10-07,12:30-13:00,12:30,13:00,保育標準時間,6,3,7,7,0,0,1
2026-10-07,13:00-13:30,13:00,13:30,保育標準時間,6,3,7,7,0,0,1
2026-10-07,13:30-14:00,13:30,14:00,保育標準時間,6,3,6,6,0,0,0
2026-10-07,14:00-14:30,14:00,14:30,保育標準時間,6,3,6,6,0,0,0
2026-10-07,14:30-15:00,14:30,15:00,保育標準時間,5,3,6,5,0,0,1
2026-10-07,15:00-15:30,15:00,15:30,保育標準時間,5,3,6,5,0,0,1
2026-10-07,15:30-16:00,15:30,16:00,保育標準時間,5,3,5,4,0,0,0
2026-10-07,16:00-16:30,16:00,16:30,保育標準時間,5,3,5,4,0,0,0
2026-10-07,16:30-17:00,16:30,17:00,保育標準時間,5,3,6,5,0,0,1
2026-10-07,17:00-17:30,17:00,17:30,保育標準時間,5,3,5,4,0,0,0
2026-10-07,17:30-18:00,17:30,18:00,保育標準時間,4,2,4,4,0,0,0
2026-10-07,18:00-18:30,18:00,18:30,延長保育,3,2,3,2,0,0,0
2026-10-07,18:30-19:00,18:30,19:00,延長保育,2,1,2,1,0,0,0
2026-10-07,19:00-19:30,19:00,19:30,延長保育,2,1,2,1,0,0,0
2026-10-08,07:00-07:30,07:00,07:30,早朝保育,2,1,2,1,0,0,0
2026-10-08,07:30-08:00,07:30,08:00,早朝保育,2,1,2,1,0,0,0
2026-10-08,08:00-08:30,08:00,08:30,早朝保育,5,3,5,4,0,0,0
2026-10-08,08:30-09:00,08:30,09:00,保育標準時間,6,3,6,5,0,0,0
2026-10-08,09:00-09:30,09:00,09:30,保育標準時間,6,3,6,5,0,0,0
2026-10-08,09:30-10:00,09:30,10:00,保育標準時間,6,3,6,6,0,0,0
2026-10-08,10:00-10:30,10:00,10:30,保育標準時間,6,3,6,5,0,0,0
2026-10-08,10:30-11:00,10:30,11:00,保育標準時間,6,3,6,5,0,0,0
2026-10-08,11:00-11:30,11:00,11:30,保育標準時間,6,3,6,5,0,0,0
2026-10-08,11:30-12:00,11:30,12:00,保育標準時間,6,3,6,5,0,0,0
2026-10-08,12:00-12:30,12:00,12:30,保育標準時間,6,3,6,5,0,0,0
2026-10-08,12:30-13:00,12:30,13:00,保育標準時間,6,3,6,5,0,0,0
2026-10-08,13:00-13:30,13:00,13:30,保育標準時間,6,3,6,5,0,0,0
2026-10-08,13:30-14:00,13:30,14:00,保育標準時間,6,3,6,5,0,0,0
2026-10-08,14:00-14:30,14:00,14:30,保育標準時間,6,3,6,5,0,0,0
2026-10-08,14:30-15:00,14:30,15:00,保育標準時間,5,3,6,5,0,0,1
2026-10-08,15:00-15:30,15:00,15:30,保育標準時間,5,3,5,4,0,0,0
2026-10-08,15:30-16:00,15:30,16:00,保育標準時間,5,3,5,4,0,0,0
2026-10-08,16:00-16:30,16:00,16:30,保育標準時間,5,3,5,4,0,0,0
2026-10-08,16:30-17:00,16:30,17:00,保育標準時間,5,3,5,5,0,0,0
2026-10-08,17:00-17:30,17:00,17:30,保育標準時間,5,3,5,4,0,0,0
2026-10-08,17:30-18:00,17:30,18:00,保育標準時間,3,2,3,2,0,0,0
2026-10-08,18:00-18:30,18:00,18:30,延長保育,3,2,3,2,0,0,0
2026-10-08,18:30-19:00,18:30,19:00,延長保育,2,1,2,1,0,0,0
2026-10-08,19:00-19:30,19:00,19:30,延長保育,2,1,2,1,0,0,0
