職員ID,氏名,資格,雇用形態,勤務日数,総勤務時間,総休憩時間,実働時間,早朝回数,延長回数,推定人件費
S01,山田花子,保育士,正職員,6,29.0,9.5,29.0,2,3,54375
S02,佐藤健太郎,保育士,正職員,6,29.5,7.0,29.5,1,2,55312
S03,鈴木由美,保育士,正職員,6,29.5,5.5,29.5,2,3,55312
S04,高橋美咲,保育士,正職員,6,30.0,8.0,30.0,1,2,56250
S05,伊藤大輔,保育士,正職員,6,30.0,4.5,30.0,1,2,56250
S06,渡辺直子,保育士,正職員,6,30.5,8.5,30.5,2,3,57188
S07,山本雅子,保育士,パート,2,7.0,5.5,7.0,1,1,10500
S08,中村拓也,保育士,パート,4,9.5,5.0,9.5,1,1,14250
S09,小林麻衣,保育士,パート,5,8.5,4.5,8.5,1,1,12750
S10,加藤裕太,保育士,パート,5,7.5,10.5,7.5,1,3,11250
S11,吉田千尋,保育士,パート,4,9.0,7.5,9.0,2,0,13500
S12,山田涼太,保育士,パート,3,9.0,4.0,9.0,0,0,13500
S13,松本陽菜,保育士,パート,3,9.5,2.5,9.5,1,1,14250
S14,井上智也,保育士,パート,4,9.5,7.0,9.5,0,1,14250
S15,木村明日香,保育士,パート,5,11.0,3.0,11.0,0,1,16500
S16,林大樹,保育士,パート,3,9.0,2.0,9.0,1,1,13500
S17,藤田美月,保育士,パート,4,11.0,2.5,11.0,0,2,16500
S18,岡田翔太,保育士,パート,4,10.5,6.0,10.5,1,0,15750
S19,三浦七海,子育て支援員,パート,2,8.0,0.0,8.0,0,1,12000
S20,浜田大輝,子育て支援員,パート,3,6.5,11.0,6.5,2,0,9750
S21,西村あかり,子育て支援員,パート,3,8.0,2.5,8.0,0,2,12000
S22,河野健太,子育て支援員,パート,3,8.0,6.0,8.0,0,1,12000
S23,清水颯太,子育て支援員,パート,2,9.0,11.0,9.0,1,2,13500
S24,斎藤結衣,子育て支援員,パート,4,8.0,2.5,8.0,1,1,12000
S25,森本大輝,幼稚園教諭,正職員,6,28.5,3.0,28.5,2,3,53438
S26,池田彩乃,看護師,正職員,6,25.5,5.5,25.5,2,1,47812
S27,橋本拓真,調理員,パート,0,0.0,0.0,0.0,0,0,0
S28,石川陽菜,園長・主任（配置対象外）,正職員,0,0.0,0.0,0.0,0,0,0
