職員ID,氏名,資格,日付,曜日,時間帯,開始,終了,状態,勤務分数,休憩分数,早出,遅出
S01,山田花子,保育士,2026-10-02,金,11:30-12:00,11:30,12:00,勤務,30,0,False,False
S01,山田花子,保育士,2026-10-02,金,12:00-12:30,12:00,12:30,勤務,30,0,False,False
S01,山田花子,保育士,2026-10-02,金,12:30-13:00,12:30,13:00,休憩,0,30,False,False
S01,山田花子,保育士,2026-10-02,金,13:00-13:30,13:00,13:30,休憩,0,30,False,False
S01,山田花子,保育士,2026-10-02,金,13:30-14:00,13:30,14:00,休憩,0,30,False,False
S01,山田花子,保育士,2026-10-02,金,14:00-14:30,14:00,14:30,休憩,0,30,False,False
S01,山田花子,保育士,2026-10-02,金,14:30-15:00,14:30,15:00,勤務,30,0,False,False
S01,山田花子,保育士,2026-10-02,金,15:00-15:30,15:00,15:30,勤務,30,0,False,False
S01,山田花子,保育士,2026-10-02,金,15:30-16:00,15:30,16:00,勤務,30,0,False,False
S01,山田花子,保育士,2026-10-02,金,16:00-16:30,16:00,16:30,勤務,30,0,False,False
S01,山田花子,保育士,2026-10-02,金,16:30-17:00,16:30,17:00,勤務,30,0,False,False
S01,山田花子,保育士,2026-10-02,金,17:00-17:30,17:00,17:30,勤務,30,0,False,False
S01,山田花子,保育士,2026-10-02,金,17:30-18:00,17:30,18:00,勤務,30,0,False,False
S01,山田花子,保育士,2026-10-02,金,18:00-18:30,18:00,18:30,勤務,30,0,False,True
S01,山田花子,保育士,2026-10-02,金,18:30-19:00,18:30,19:00,勤務,30,0,False,True
S01,山田花子,保育士,2026-10-02,金,19:00-19:30,19:00,19:30,勤務,30,0,False,True
S02,佐藤健太郎,保育士,2026-10-02,金,12:00-12:30,12:00,12:30,勤務,30,0,False,False
S02,佐藤健太郎,保育士,2026-10-02,金,12:30-13:00,12:30,13:00,勤務,30,0,False,False
S02,佐藤健太郎,保育士,2026-10-02,金,13:00-13:30,13:00,13:30,勤務,30,0,False,False
S02,佐藤健太郎,保育士,2026-10-02,金,13:30-14:00,13:30,14:00,勤務,30,0,False,False
S02,佐藤健太郎,保育士,2026-10-02,金,14:00-14:30,14:00,14:30,勤務,30,0,False,False
S02,佐藤健太郎,保育士,2026-10-02,金,14:30-15:00,14:30,15:00,勤務,30,0,False,False
S02,佐藤健太郎,保育士,2026-10-02,金,15:00-15:30,15:00,15:30,勤務,30,0,False,False
S02,佐藤健太郎,保育士,2026-10-02,金,15:30-16:00,15:30,16:00,休憩,0,30,False,False
S02,佐藤健太郎,保育士,2026-10-02,金,16:00-16:30,16:00,16:30,勤務,30,0,False,False
S02,佐藤健太郎,保育士,2026-10-02,金,16:30-17:00,16:30,17:00,勤務,30,0,False,False
S03,鈴木由美,保育士,2026-10-02,金,10:00-10:30,10:00,10:30,勤務,30,0,False,False
S03,鈴木由美,保育士,2026-10-02,金,10:30-11:00,10:30,11:00,勤務,30,0,False,False
S03,鈴木由美,保育士,2026-10-02,金,11:00-11:30,11:00,11:30,勤務,30,0,False,False
S03,鈴木由美,保育士,2026-10-02,金,11:30-12:00,11:30,12:00,休憩,0,30,False,False
S03,鈴木由美,保育士,2026-10-02,金,12:00-12:30,12:00,12:30,休憩,0,30,False,False
S04,高橋美咲,保育士,2026-10-02,金,07:00-07:30,07:00,07:30,休憩,0,30,False,False
S04,高橋美咲,保育士,2026-10-02,金,07:30-08:00,07:30,08:00,休憩,0,30,False,False
S04,高橋美咲,保育士,2026-10-02,金,08:00-08:30,08:00,08:30,休憩,0,30,False,False
S04,高橋美咲,保育士,2026-10-02,金,09:30-10:00,09:30,10:00,勤務,30,0,False,False
S04,高橋美咲,保育士,2026-10-02,金,10:00-10:30,10:00,10:30,勤務,30,0,False,False
S04,高橋美咲,保育士,2026-10-02,金,10:30-11:00,10:30,11:00,勤務,30,0,False,False
S04,高橋美咲,保育士,2026-10-02,金,11:00-11:30,11:00,11:30,勤務,30,0,False,False
S04,高橋美咲,保育士,2026-10-02,金,11:30-12:00,11:30,12:00,勤務,30,0,False,False
S04,高橋美咲,保育士,2026-10-02,金,12:00-12:30,12:00,12:30,勤務,30,0,False,False
S04,高橋美咲,保育士,2026-10-02,金,12:30-13:00,12:30,13:00,勤務,30,0,False,False
S04,高橋美咲,保育士,2026-10-02,金,13:00-13:30,13:00,13:30,勤務,30,0,False,False
S04,高橋美咲,保育士,2026-10-02,金,13:30-14:00,13:30,14:00,勤務,30,0,False,False
S04,高橋美咲,保育士,2026-10-02,金,14:00-14:30,14:00,14:30,勤務,30,0,False,False
S05,伊藤大輔,保育士,2026-10-02,金,10:30-11:00,10:30,11:00,勤務,30,0,False,False
S05,伊藤大輔,保育士,2026-10-02,金,11:00-11:30,11:00,11:30,休憩,0,30,False,False
S05,伊藤大輔,保育士,2026-10-02,金,11:30-12:00,11:30,12:00,勤務,30,0,False,False
S05,伊藤大輔,保育士,2026-10-02,金,12:00-12:30,12:00,12:30,勤務,30,0,False,False
S05,伊藤大輔,保育士,2026-10-02,金,12:30-13:00,12:30,13:00,勤務,30,0,False,False
S05,伊藤大輔,保育士,2026-10-02,金,13:00-13:30,13:00,13:30,勤務,30,0,False,False
S06,渡辺直子,保育士,2026-10-02,金,08:30-09:00,08:30,09:00,勤務,30,0,False,False
S06,渡辺直子,保育士,2026-10-02,金,09:00-09:30,09:00,09:30,勤務,30,0,False,False
S06,渡辺直子,保育士,2026-10-02,金,09:30-10:00,09:30,10:00,休憩,0,30,False,False
S06,渡辺直子,保育士,2026-10-02,金,10:00-10:30,10:00,10:30,勤務,30,0,False,False
S06,渡辺直子,保育士,2026-10-02,金,10:30-11:00,10:30,11:00,勤務,30,0,False,False
S06,渡辺直子,保育士,2026-10-02,金,11:00-11:30,11:00,11:30,勤務,30,0,False,False
S06,渡辺直子,保育士,2026-10-02,金,11:30-12:00,11:30,12:00,勤務,30,0,False,False
S06,渡辺直子,保育士,2026-10-02,金,12:00-12:30,12:00,12:30,勤務,30,0,False,False
S07,山本雅子,保育士,2026-10-02,金,11:00-11:30,11:00,11:30,勤務,30,0,False,False
S07,山本雅子,保育士,2026-10-02,金,11:30-12:00,11:30,12:00,勤務,30,0,False,False
S07,山本雅子,保育士,2026-10-02,金,12:00-12:30,12:00,12:30,勤務,30,0,False,False
S07,山本雅子,保育士,2026-10-02,金,12:30-13:00,12:30,13:00,勤務,30,0,False,False
S07,山本雅子,保育士,2026-10-02,金,13:00-13:30,13:00,13:30,勤務,30,0,False,False
S07,山本雅子,保育士,2026-10-02,金,13:30-14:00,13:30,14:00,勤務,30,0,False,False
S07,山本雅子,保育士,2026-10-02,金,14:00-14:30,14:00,14:30,勤務,30,0,False,False
S07,山本雅子,保育士,2026-10-02,金,14:30-15:00,14:30,15:00,勤務,30,0,False,False
S07,山本雅子,保育士,2026-10-02,金,15:00-15:30,15:00,15:30,勤務,30,0,False,False
S07,山本雅子,保育士,2026-10-02,金,15:30-16:00,15:30,16:00,休憩,0,30,False,False
S07,山本雅子,保育士,2026-10-02,金,16:00-16:30,16:00,16:30,休憩,0,30,False,False
S07,山本雅子,保育士,2026-10-02,金,16:30-17:00,16:30,17:00,休憩,0,30,False,False
S07,山本雅子,保育士,2026-10-02,金,17:00-17:30,17:00,17:30,勤務,30,0,False,False
S07,山本雅子,保育士,2026-10-02,金,17:30-18:00,17:30,18:00,勤務,30,0,False,False
S08,中村拓也,保育士,2026-10-02,金,14:00-14:30,14:00,14:30,勤務,30,0,False,False
S08,中村拓也,保育士,2026-10-02,金,14:30-15:00,14:30,15:00,勤務,30,0,False,False
S08,中村拓也,保育士,2026-10-02,金,15:00-15:30,15:00,15:30,勤務,30,0,False,False
S08,中村拓也,保育士,2026-10-02,金,15:30-16:00,15:30,16:00,勤務,30,0,False,False
S08,中村拓也,保育士,2026-10-02,金,16:00-16:30,16:00,16:30,勤務,30,0,False,False
S08,中村拓也,保育士,2026-10-02,金,16:30-17:00,16:30,17:00,休憩,0,30,False,False
S08,中村拓也,保育士,2026-10-02,金,17:00-17:30,17:00,17:30,休憩,0,30,False,False
S08,中村拓也,保育士,2026-10-02,金,17:30-18:00,17:30,18:00,勤務,30,0,False,False
S09,小林麻衣,保育士,2026-10-02,金,15:30-16:00,15:30,16:00,勤務,30,0,False,False
S09,小林麻衣,保育士,2026-10-02,金,16:00-16:30,16:00,16:30,休憩,0,30,False,False
S09,小林麻衣,保育士,2026-10-02,金,16:30-17:00,16:30,17:00,勤務,30,0,False,False
S09,小林麻衣,保育士,2026-10-02,金,17:00-17:30,17:00,17:30,勤務,30,0,False,False
S09,小林麻衣,保育士,2026-10-02,金,17:30-18:00,17:30,18:00,勤務,30,0,False,False
S09,小林麻衣,保育士,2026-10-02,金,18:00-18:30,18:00,18:30,勤務,30,0,False,True
S10,加藤裕太,保育士,2026-10-02,金,10:00-10:30,10:00,10:30,勤務,30,0,False,False
S10,加藤裕太,保育士,2026-10-02,金,10:30-11:00,10:30,11:00,勤務,30,0,False,False
S10,加藤裕太,保育士,2026-10-02,金,11:00-11:30,11:00,11:30,勤務,30,0,False,False
S12,山田涼太,保育士,2026-10-02,金,09:30-10:00,09:30,10:00,勤務,30,0,False,False
S12,山田涼太,保育士,2026-10-02,金,10:00-10:30,10:00,10:30,休憩,0,30,False,False
S12,山田涼太,保育士,2026-10-02,金,10:30-11:00,10:30,11:00,勤務,30,0,False,False
S12,山田涼太,保育士,2026-10-02,金,11:00-11:30,11:00,11:30,勤務,30,0,False,False
S13,松本陽菜,保育士,2026-10-02,金,10:00-10:30,10:00,10:30,勤務,30,0,False,False
S13,松本陽菜,保育士,2026-10-02,金,10:30-11:00,10:30,11:00,休憩,0,30,False,False
S13,松本陽菜,保育士,2026-10-02,金,11:00-11:30,11:00,11:30,休憩,0,30,False,False
S13,松本陽菜,保育士,2026-10-02,金,11:30-12:00,11:30,12:00,休憩,0,30,False,False
S13,松本陽菜,保育士,2026-10-02,金,12:00-12:30,12:00,12:30,休憩,0,30,False,False
S13,松本陽菜,保育士,2026-10-02,金,12:30-13:00,12:30,13:00,勤務,30,0,False,False
S13,松本陽菜,保育士,2026-10-02,金,13:00-13:30,13:00,13:30,勤務,30,0,False,False
S13,松本陽菜,保育士,2026-10-02,金,13:30-14:00,13:30,14:00,勤務,30,0,False,False
S13,松本陽菜,保育士,2026-10-02,金,14:00-14:30,14:00,14:30,勤務,30,0,False,False
S14,井上智也,保育士,2026-10-02,金,08:30-09:00,08:30,09:00,勤務,30,0,False,False
S14,井上智也,保育士,2026-10-02,金,09:00-09:30,09:00,09:30,勤務,30,0,False,False
S14,井上智也,保育士,2026-10-02,金,09:30-10:00,09:30,10:00,勤務,30,0,False,False
S14,井上智也,保育士,2026-10-02,金,10:00-10:30,10:00,10:30,勤務,30,0,False,False
S14,井上智也,保育士,2026-10-02,金,10:30-11:00,10:30,11:00,休憩,0,30,False,False
S14,井上智也,保育士,2026-10-02,金,11:00-11:30,11:00,11:30,休憩,0,30,False,False
S14,井上智也,保育士,2026-10-02,金,11:30-12:00,11:30,12:00,休憩,0,30,False,False
S14,井上智也,保育士,2026-10-02,金,12:00-12:30,12:00,12:30,休憩,0,30,False,False
S14,井上智也,保育士,2026-10-02,金,12:30-13:00,12:30,13:00,休憩,0,30,False,False
S14,井上智也,保育士,2026-10-02,金,13:00-13:30,13:00,13:30,休憩,0,30,False,False
S14,井上智也,保育士,2026-10-02,金,13:30-14:00,13:30,14:00,休憩,0,30,False,False
S14,井上智也,保育士,2026-10-02,金,14:00-14:30,14:00,14:30,休憩,0,30,False,False
S14,井上智也,保育士,2026-10-02,金,14:30-15:00,14:30,15:00,休憩,0,30,False,False
S14,井上智也,保育士,2026-10-02,金,15:00-15:30,15:00,15:30,勤務,30,0,False,False
S15,木村明日香,保育士,2026-10-02,金,09:00-09:30,09:00,09:30,勤務,30,0,False,False
S15,木村明日香,保育士,2026-10-02,金,09:30-10:00,09:30,10:00,勤務,30,0,False,False
S16,林大樹,保育士,2026-10-02,金,07:00-07:30,07:00,07:30,勤務,30,0,True,False
S16,林大樹,保育士,2026-10-02,金,07:30-08:00,07:30,08:00,勤務,30,0,False,False
S16,林大樹,保育士,2026-10-02,金,08:00-08:30,08:00,08:30,勤務,30,0,False,False
S16,林大樹,保育士,2026-10-02,金,08:30-09:00,08:30,09:00,勤務,30,0,False,False
S16,林大樹,保育士,2026-10-02,金,09:00-09:30,09:00,09:30,勤務,30,0,False,False
S16,林大樹,保育士,2026-10-02,金,09:30-10:00,09:30,10:00,休憩,0,30,False,False
S16,林大樹,保育士,2026-10-02,金,10:00-10:30,10:00,10:30,休憩,0,30,False,False
S16,林大樹,保育士,2026-10-02,金,10:30-11:00,10:30,11:00,休憩,0,30,False,False
S16,林大樹,保育士,2026-10-02,金,11:00-11:30,11:00,11:30,休憩,0,30,False,False
S16,林大樹,保育士,2026-10-02,金,11:30-12:00,11:30,12:00,勤務,30,0,False,False
S16,林大樹,保育士,2026-10-02,金,12:00-12:30,12:00,12:30,勤務,30,0,False,False
S16,林大樹,保育士,2026-10-02,金,12:30-13:00,12:30,13:00,勤務,30,0,False,False
S16,林大樹,保育士,2026-10-02,金,13:00-13:30,13:00,13:30,勤務,30,0,False,False
S16,林大樹,保育士,2026-10-02,金,13:30-14:00,13:30,14:00,勤務,30,0,False,False
S20,浜田大輝,子育て支援員,2026-10-02,金,07:00-07:30,07:00,07:30,勤務,30,0,True,False
S20,浜田大輝,子育て支援員,2026-10-02,金,07:30-08:00,07:30,08:00,勤務,30,0,False,False
S20,浜田大輝,子育て支援員,2026-10-02,金,08:00-08:30,08:00,08:30,休憩,0,30,False,False
S20,浜田大輝,子育て支援員,2026-10-02,金,08:30-09:00,08:30,09:00,休憩,0,30,False,False
S20,浜田大輝,子育て支援員,2026-10-02,金,09:00-09:30,09:00,09:30,休憩,0,30,False,False
S20,浜田大輝,子育て支援員,2026-10-02,金,09:30-10:00,09:30,10:00,休憩,0,30,False,False
S20,浜田大輝,子育て支援員,2026-10-02,金,10:00-10:30,10:00,10:30,休憩,0,30,False,False
S21,西村あかり,子育て支援員,2026-10-02,金,17:00-17:30,17:00,17:30,勤務,30,0,False,False
S21,西村あかり,子育て支援員,2026-10-02,金,17:30-18:00,17:30,18:00,勤務,30,0,False,False
S21,西村あかり,子育て支援員,2026-10-02,金,18:00-18:30,18:00,18:30,休憩,0,30,False,False
S21,西村あかり,子育て支援員,2026-10-02,金,18:30-19:00,18:30,19:00,休憩,0,30,False,False
S21,西村あかり,子育て支援員,2026-10-02,金,19:00-19:30,19:00,19:30,勤務,30,0,False,True
S24,斎藤結衣,子育て支援員,2026-10-02,金,08:30-09:00,08:30,09:00,勤務,30,0,False,False
S24,斎藤結衣,子育て支援員,2026-10-02,金,09:00-09:30,09:00,09:30,勤務,30,0,False,False
S24,斎藤結衣,子育て支援員,2026-10-02,金,09:30-10:00,09:30,10:00,勤務,30,0,False,False
S24,斎藤結衣,子育て支援員,2026-10-02,金,10:00-10:30,10:00,10:30,休憩,0,30,False,False
S24,斎藤結衣,子育て支援員,2026-10-02,金,10:30-11:00,10:30,11:00,休憩,0,30,False,False
S25,森本大輝,幼稚園教諭,2026-10-02,金,08:00-08:30,08:00,08:30,勤務,30,0,False,False
S25,森本大輝,幼稚園教諭,2026-10-02,金,08:30-09:00,08:30,09:00,勤務,30,0,False,False
S25,森本大輝,幼稚園教諭,2026-10-02,金,09:00-09:30,09:00,09:30,勤務,30,0,False,False
S25,森本大輝,幼稚園教諭,2026-10-02,金,09:30-10:00,09:30,10:00,勤務,30,0,False,False
S25,森本大輝,幼稚園教諭,2026-10-02,金,10:00-10:30,10:00,10:30,休憩,0,30,False,False
S25,森本大輝,幼稚園教諭,2026-10-02,金,10:30-11:00,10:30,11:00,休憩,0,30,False,False
S25,森本大輝,幼稚園教諭,2026-10-02,金,15:00-15:30,15:00,15:30,勤務,30,0,False,False
S25,森本大輝,幼稚園教諭,2026-10-02,金,15:30-16:00,15:30,16:00,勤務,30,0,False,False
S25,森本大輝,幼稚園教諭,2026-10-02,金,16:00-16:30,16:00,16:30,勤務,30,0,False,False
S25,森本大輝,幼稚園教諭,2026-10-02,金,16:30-17:00,16:30,17:00,勤務,30,0,False,False
S25,森本大輝,幼稚園教諭,2026-10-02,金,17:00-17:30,17:00,17:30,勤務,30,0,False,False
S25,森本大輝,幼稚園教諭,2026-10-02,金,17:30-18:00,17:30,18:00,勤務,30,0,False,False
S25,森本大輝,幼稚園教諭,2026-10-02,金,18:00-18:30,18:00,18:30,勤務,30,0,False,True
S25,森本大輝,幼稚園教諭,2026-10-02,金,18:30-19:00,18:30,19:00,勤務,30,0,False,True
S26,池田彩乃,看護師,2026-10-02,金,13:30-14:00,13:30,14:00,勤務,30,0,False,False
S26,池田彩乃,看護師,2026-10-02,金,14:00-14:30,14:00,14:30,勤務,30,0,False,False
S26,池田彩乃,看護師,2026-10-02,金,14:30-15:00,14:30,15:00,勤務,30,0,False,False
S26,池田彩乃,看護師,2026-10-02,金,15:00-15:30,15:00,15:30,勤務,30,0,False,False
S26,池田彩乃,看護師,2026-10-02,金,15:30-16:00,15:30,16:00,勤務,30,0,False,False
S26,池田彩乃,看護師,2026-10-02,金,16:00-16:30,16:00,16:30,勤務,30,0,False,False
S26,池田彩乃,看護師,2026-10-02,金,16:30-17:00,16:30,17:00,勤務,30,0,False,False
S26,池田彩乃,看護師,2026-10-02,金,17:00-17:30,17:00,17:30,勤務,30,0,False,False
S26,池田彩乃,看護師,2026-10-02,金,17:30-18:00,17:30,18:00,休憩,0,30,False,False
S26,池田彩乃,看護師,2026-10-02,金,18:00-18:30,18:00,18:30,勤務,30,0,False,True
S26,池田彩乃,看護師,2026-10-02,金,18:30-19:00,18:30,19:00,勤務,30,0,False,True
S01,山田花子,保育士,2026-10-03,土,08:00-08:30,08:00,08:30,勤務,30,0,False,False
S01,山田花子,保育士,2026-10-03,土,08:30-09:00,08:30,09:00,勤務,30,0,False,False
S01,山田花子,保育士,2026-10-03,土,09:00-09:30,09:00,09:30,勤務,30,0,False,False
S01,山田花子,保育士,2026-10-03,土,09:30-10:00,09:30,10:00,休憩,0,30,False,False
S01,山田花子,保育士,2026-10-03,土,10:00-10:30,10:00,10:30,休憩,0,30,False,False
S01,山田花子,保育士,2026-10-03,土,10:30-11:00,10:30,11:00,休憩,0,30,False,False
S01,山田花子,保育士,2026-10-03,土,11:00-11:30,11:00,11:30,休憩,0,30,False,False
S01,山田花子,保育士,2026-10-03,土,11:30-12:00,11:30,12:00,休憩,0,30,False,False
S01,山田花子,保育士,2026-10-03,土,12:00-12:30,12:00,12:30,休憩,0,30,False,False
S01,山田花子,保育士,2026-10-03,土,12:30-13:00,12:30,13:00,勤務,30,0,False,False
S02,佐藤健太郎,保育士,2026-10-03,土,08:30-09:00,08:30,09:00,勤務,30,0,False,False
S02,佐藤健太郎,保育士,2026-10-03,土,09:00-09:30,09:00,09:30,勤務,30,0,False,False
S02,佐藤健太郎,保育士,2026-10-03,土,09:30-10:00,09:30,10:00,勤務,30,0,False,False
S02,佐藤健太郎,保育士,2026-10-03,土,10:00-10:30,10:00,10:30,勤務,30,0,False,False
S02,佐藤健太郎,保育士,2026-10-03,土,10:30-11:00,10:30,11:00,勤務,30,0,False,False
S02,佐藤健太郎,保育士,2026-10-03,土,11:00-11:30,11:00,11:30,勤務,30,0,False,False
S02,佐藤健太郎,保育士,2026-10-03,土,11:30-12:00,11:30,12:00,勤務,30,0,False,False
S02,佐藤健太郎,保育士,2026-10-03,土,12:00-12:30,12:00,12:30,勤務,30,0,False,False
S02,佐藤健太郎,保育士,2026-10-03,土,12:30-13:00,12:30,13:00,勤務,30,0,False,False
S02,佐藤健太郎,保育士,2026-10-03,土,13:00-13:30,13:00,13:30,休憩,0,30,False,False
S02,佐藤健太郎,保育士,2026-10-03,土,13:30-14:00,13:30,14:00,休憩,0,30,False,False
S02,佐藤健太郎,保育士,2026-10-03,土,14:00-14:30,14:00,14:30,休憩,0,30,False,False
S02,佐藤健太郎,保育士,2026-10-03,土,14:30-15:00,14:30,15:00,休憩,0,30,False,False
S02,佐藤健太郎,保育士,2026-10-03,土,15:00-15:30,15:00,15:30,勤務,30,0,False,False
S02,佐藤健太郎,保育士,2026-10-03,土,15:30-16:00,15:30,16:00,勤務,30,0,False,False
S02,佐藤健太郎,保育士,2026-10-03,土,16:00-16:30,16:00,16:30,勤務,30,0,False,False
S02,佐藤健太郎,保育士,2026-10-03,土,16:30-17:00,16:30,17:00,勤務,30,0,False,False
S02,佐藤健太郎,保育士,2026-10-03,土,18:00-18:30,18:00,18:30,勤務,30,0,False,True
S03,鈴木由美,保育士,2026-10-03,土,08:30-09:00,08:30,09:00,勤務,30,0,False,False
S03,鈴木由美,保育士,2026-10-03,土,09:00-09:30,09:00,09:30,休憩,0,30,False,False
S03,鈴木由美,保育士,2026-10-03,土,09:30-10:00,09:30,10:00,休憩,0,30,False,False
S03,鈴木由美,保育士,2026-10-03,土,10:00-10:30,10:00,10:30,勤務,30,0,False,False
S03,鈴木由美,保育士,2026-10-03,土,10:30-11:00,10:30,11:00,勤務,30,0,False,False
S03,鈴木由美,保育士,2026-10-03,土,11:00-11:30,11:00,11:30,勤務,30,0,False,False
S03,鈴木由美,保育士,2026-10-03,土,11:30-12:00,11:30,12:00,勤務,30,0,False,False
S03,鈴木由美,保育士,2026-10-03,土,12:00-12:30,12:00,12:30,勤務,30,0,False,False
S03,鈴木由美,保育士,2026-10-03,土,12:30-13:00,12:30,13:00,勤務,30,0,False,False
S03,鈴木由美,保育士,2026-10-03,土,13:00-13:30,13:00,13:30,勤務,30,0,False,False
S03,鈴木由美,保育士,2026-10-03,土,13:30-14:00,13:30,14:00,勤務,30,0,False,False
S03,鈴木由美,保育士,2026-10-03,土,14:00-14:30,14:00,14:30,勤務,30,0,False,False
S03,鈴木由美,保育士,2026-10-03,土,14:30-15:00,14:30,15:00,勤務,30,0,False,False
S03,鈴木由美,保育士,2026-10-03,土,15:00-15:30,15:00,15:30,勤務,30,0,False,False
S04,高橋美咲,保育士,2026-10-03,土,09:30-10:00,09:30,10:00,勤務,30,0,False,False
S04,高橋美咲,保育士,2026-10-03,土,10:00-10:30,10:00,10:30,勤務,30,0,False,False
S04,高橋美咲,保育士,2026-10-03,土,10:30-11:00,10:30,11:00,勤務,30,0,False,False
S04,高橋美咲,保育士,2026-10-03,土,11:00-11:30,11:00,11:30,勤務,30,0,False,False
S04,高橋美咲,保育士,2026-10-03,土,11:30-12:00,11:30,12:00,勤務,30,0,False,False
S04,高橋美咲,保育士,2026-10-03,土,12:00-12:30,12:00,12:30,勤務,30,0,False,False
S04,高橋美咲,保育士,2026-10-03,土,12:30-13:00,12:30,13:00,休憩,0,30,False,False
S04,高橋美咲,保育士,2026-10-03,土,13:00-13:30,13:00,13:30,休憩,0,30,False,False
S04,高橋美咲,保育士,2026-10-03,土,13:30-14:00,13:30,14:00,休憩,0,30,False,False
S04,高橋美咲,保育士,2026-10-03,土,14:00-14:30,14:00,14:30,休憩,0,30,False,False
S04,高橋美咲,保育士,2026-10-03,土,14:30-15:00,14:30,15:00,休憩,0,30,False,False
S04,高橋美咲,保育士,2026-10-03,土,15:00-15:30,15:00,15:30,休憩,0,30,False,False
S04,高橋美咲,保育士,2026-10-03,土,15:30-16:00,15:30,16:00,休憩,0,30,False,False
S04,高橋美咲,保育士,2026-10-03,土,16:00-16:30,16:00,16:30,休憩,0,30,False,False
S04,高橋美咲,保育士,2026-10-03,土,16:30-17:00,16:30,17:00,勤務,30,0,False,False
S04,高橋美咲,保育士,2026-10-03,土,17:00-17:30,17:00,17:30,勤務,30,0,False,False
S04,高橋美咲,保育士,2026-10-03,土,17:30-18:00,17:30,18:00,勤務,30,0,False,False
S04,高橋美咲,保育士,2026-10-03,土,18:00-18:30,18:00,18:30,勤務,30,0,False,True
S04,高橋美咲,保育士,2026-10-03,土,18:30-19:00,18:30,19:00,勤務,30,0,False,True
S04,高橋美咲,保育士,2026-10-03,土,19:00-19:30,19:00,19:30,勤務,30,0,False,True
S05,伊藤大輔,保育士,2026-10-03,土,10:30-11:00,10:30,11:00,勤務,30,0,False,False
S05,伊藤大輔,保育士,2026-10-03,土,11:00-11:30,11:00,11:30,勤務,30,0,False,False
S05,伊藤大輔,保育士,2026-10-03,土,11:30-12:00,11:30,12:00,勤務,30,0,False,False
S05,伊藤大輔,保育士,2026-10-03,土,12:00-12:30,12:00,12:30,勤務,30,0,False,False
S05,伊藤大輔,保育士,2026-10-03,土,12:30-13:00,12:30,13:00,勤務,30,0,False,False
S05,伊藤大輔,保育士,2026-10-03,土,13:00-13:30,13:00,13:30,勤務,30,0,False,False
S05,伊藤大輔,保育士,2026-10-03,土,13:30-14:00,13:30,14:00,勤務,30,0,False,False
S05,伊藤大輔,保育士,2026-10-03,土,14:00-14:30,14:00,14:30,勤務,30,0,False,False
S05,伊藤大輔,保育士,2026-10-03,土,14:30-15:00,14:30,15:00,休憩,0,30,False,False
S05,伊藤大輔,保育士,2026-10-03,土,15:00-15:30,15:00,15:30,休憩,0,30,False,False
S05,伊藤大輔,保育士,2026-10-03,土,15:30-16:00,15:30,16:00,勤務,30,0,False,False
S05,伊藤大輔,保育士,2026-10-03,土,16:00-16:30,16:00,16:30,勤務,30,0,False,False
S05,伊藤大輔,保育士,2026-10-03,土,16:30-17:00,16:30,17:00,勤務,30,0,False,False
S06,渡辺直子,保育士,2026-10-03,土,08:00-08:30,08:00,08:30,勤務,30,0,False,False
S06,渡辺直子,保育士,2026-10-03,土,08:30-09:00,08:30,09:00,勤務,30,0,False,False
S06,渡辺直子,保育士,2026-10-03,土,09:00-09:30,09:00,09:30,勤務,30,0,False,False
S06,渡辺直子,保育士,2026-10-03,土,09:30-10:00,09:30,10:00,勤務,30,0,False,False
S06,渡辺直子,保育士,2026-10-03,土,10:00-10:30,10:00,10:30,勤務,30,0,False,False
S06,渡辺直子,保育士,2026-10-03,土,10:30-11:00,10:30,11:00,勤務,30,0,False,False
S06,渡辺直子,保育士,2026-10-03,土,11:00-11:30,11:00,11:30,勤務,30,0,False,False
S06,渡辺直子,保育士,2026-10-03,土,11:30-12:00,11:30,12:00,勤務,30,0,False,False
S06,渡辺直子,保育士,2026-10-03,土,12:00-12:30,12:00,12:30,勤務,30,0,False,False
S06,渡辺直子,保育士,2026-10-03,土,12:30-13:00,12:30,13:00,勤務,30,0,False,False
S06,渡辺直子,保育士,2026-10-03,土,13:00-13:30,13:00,13:30,勤務,30,0,False,False
S06,渡辺直子,保育士,2026-10-03,土,13:30-14:00,13:30,14:00,休憩,0,30,False,False
S06,渡辺直子,保育士,2026-10-03,土,14:00-14:30,14:00,14:30,休憩,0,30,False,False
S09,小林麻衣,保育士,2026-10-03,土,07:30-08:00,07:30,08:00,勤務,30,0,False,False
S09,小林麻衣,保育士,2026-10-03,土,08:00-08:30,08:00,08:30,休憩,0,30,False,False
S09,小林麻衣,保育士,2026-10-03,土,08:30-09:00,08:30,09:00,休憩,0,30,False,False
S09,小林麻衣,保育士,2026-10-03,土,09:00-09:30,09:00,09:30,休憩,0,30,False,False
S10,加藤裕太,保育士,2026-10-03,土,07:30-08:00,07:30,08:00,勤務,30,0,False,False
S10,加藤裕太,保育士,2026-10-03,土,08:00-08:30,08:00,08:30,休憩,0,30,False,False
S10,加藤裕太,保育士,2026-10-03,土,08:30-09:00,08:30,09:00,休憩,0,30,False,False
S10,加藤裕太,保育士,2026-10-03,土,09:00-09:30,09:00,09:30,休憩,0,30,False,False
S10,加藤裕太,保育士,2026-10-03,土,09:30-10:00,09:30,10:00,休憩,0,30,False,False
S10,加藤裕太,保育士,2026-10-03,土,10:00-10:30,10:00,10:30,休憩,0,30,False,False
S10,加藤裕太,保育士,2026-10-03,土,10:30-11:00,10:30,11:00,休憩,0,30,False,False
S10,加藤裕太,保育士,2026-10-03,土,11:00-11:30,11:00,11:30,休憩,0,30,False,False
S10,加藤裕太,保育士,2026-10-03,土,11:30-12:00,11:30,12:00,休憩,0,30,False,False
S10,加藤裕太,保育士,2026-10-03,土,12:00-12:30,12:00,12:30,休憩,0,30,False,False
S10,加藤裕太,保育士,2026-10-03,土,12:30-13:00,12:30,13:00,休憩,0,30,False,False
S10,加藤裕太,保育士,2026-10-03,土,13:00-13:30,13:00,13:30,休憩,0,30,False,False
S10,加藤裕太,保育士,2026-10-03,土,13:30-14:00,13:30,14:00,休憩,0,30,False,False
S10,加藤裕太,保育士,2026-10-03,土,14:00-14:30,14:00,14:30,休憩,0,30,False,False
S10,加藤裕太,保育士,2026-10-03,土,14:30-15:00,14:30,15:00,休憩,0,30,False,False
S10,加藤裕太,保育士,2026-10-03,土,15:00-15:30,15:00,15:30,休憩,0,30,False,False
S10,加藤裕太,保育士,2026-10-03,土,15:30-16:00,15:30,16:00,休憩,0,30,False,False
S10,加藤裕太,保育士,2026-10-03,土,16:00-16:30,16:00,16:30,休憩,0,30,False,False
S10,加藤裕太,保育士,2026-10-03,土,16:30-17:00,16:30,17:00,休憩,0,30,False,False
S10,加藤裕太,保育士,2026-10-03,土,17:00-17:30,17:00,17:30,休憩,0,30,False,False
S10,加藤裕太,保育士,2026-10-03,土,17:30-18:00,17:30,18:00,休憩,0,30,False,False
S10,加藤裕太,保育士,2026-10-03,土,18:00-18:30,18:00,18:30,休憩,0,30,False,False
S10,加藤裕太,保育士,2026-10-03,土,18:30-19:00,18:30,19:00,勤務,30,0,False,True
S10,加藤裕太,保育士,2026-10-03,土,19:00-19:30,19:00,19:30,勤務,30,0,False,True
S17,藤田美月,保育士,2026-10-03,土,10:30-11:00,10:30,11:00,勤務,30,0,False,False
S17,藤田美月,保育士,2026-10-03,土,11:00-11:30,11:00,11:30,勤務,30,0,False,False
S17,藤田美月,保育士,2026-10-03,土,11:30-12:00,11:30,12:00,勤務,30,0,False,False
S17,藤田美月,保育士,2026-10-03,土,12:00-12:30,12:00,12:30,勤務,30,0,False,False
S17,藤田美月,保育士,2026-10-03,土,12:30-13:00,12:30,13:00,勤務,30,0,False,False
S17,藤田美月,保育士,2026-10-03,土,13:00-13:30,13:00,13:30,勤務,30,0,False,False
S17,藤田美月,保育士,2026-10-03,土,13:30-14:00,13:30,14:00,勤務,30,0,False,False
S17,藤田美月,保育士,2026-10-03,土,14:00-14:30,14:00,14:30,休憩,0,30,False,False
S17,藤田美月,保育士,2026-10-03,土,14:30-15:00,14:30,15:00,休憩,0,30,False,False
S18,岡田翔太,保育士,2026-10-03,土,07:00-07:30,07:00,07:30,休憩,0,30,False,False
S18,岡田翔太,保育士,2026-10-03,土,07:30-08:00,07:30,08:00,休憩,0,30,False,False
S18,岡田翔太,保育士,2026-10-03,土,08:00-08:30,08:00,08:30,休憩,0,30,False,False
S19,三浦七海,子育て支援員,2026-10-03,土,08:30-09:00,08:30,09:00,勤務,30,0,False,False
S19,三浦七海,子育て支援員,2026-10-03,土,09:00-09:30,09:00,09:30,勤務,30,0,False,False
S19,三浦七海,子育て支援員,2026-10-03,土,09:30-10:00,09:30,10:00,勤務,30,0,False,False
S19,三浦七海,子育て支援員,2026-10-03,土,10:00-10:30,10:00,10:30,勤務,30,0,False,False
S19,三浦七海,子育て支援員,2026-10-03,土,10:30-11:00,10:30,11:00,勤務,30,0,False,False
S19,三浦七海,子育て支援員,2026-10-03,土,11:30-12:00,11:30,12:00,勤務,30,0,False,False
S19,三浦七海,子育て支援員,2026-10-03,土,12:00-12:30,12:00,12:30,勤務,30,0,False,False
S19,三浦七海,子育て支援員,2026-10-03,土,12:30-13:00,12:30,13:00,勤務,30,0,False,False
S19,三浦七海,子育て支援員,2026-10-03,土,13:00-13:30,13:00,13:30,勤務,30,0,False,False
S19,三浦七海,子育て支援員,2026-10-03,土,13:30-14:00,13:30,14:00,勤務,30,0,False,False
S19,三浦七海,子育て支援員,2026-10-03,土,14:00-14:30,14:00,14:30,勤務,30,0,False,False
S19,三浦七海,子育て支援員,2026-10-03,土,14:30-15:00,14:30,15:00,勤務,30,0,False,False
S19,三浦七海,子育て支援員,2026-10-03,土,15:00-15:30,15:00,15:30,勤務,30,0,False,False
S20,浜田大輝,子育て支援員,2026-10-03,土,08:30-09:00,08:30,09:00,勤務,30,0,False,False
S20,浜田大輝,子育て支援員,2026-10-03,土,09:00-09:30,09:00,09:30,勤務,30,0,False,False
S20,浜田大輝,子育て支援員,2026-10-03,土,09:30-10:00,09:30,10:00,勤務,30,0,False,False
S20,浜田大輝,子育て支援員,2026-10-03,土,10:00-10:30,10:00,10:30,勤務,30,0,False,False
S20,浜田大輝,子育て支援員,2026-10-03,土,10:30-11:00,10:30,11:00,勤務,30,0,False,False
S20,浜田大輝,子育て支援員,2026-10-03,土,11:00-11:30,11:00,11:30,勤務,30,0,False,False
S20,浜田大輝,子育て支援員,2026-10-03,土,11:30-12:00,11:30,12:00,勤務,30,0,False,False
S20,浜田大輝,子育て支援員,2026-10-03,土,12:00-12:30,12:00,12:30,勤務,30,0,False,False
S20,浜田大輝,子育て支援員,2026-10-03,土,12:30-13:00,12:30,13:00,勤務,30,0,False,False
S20,浜田大輝,子育て支援員,2026-10-03,土,13:00-13:30,13:00,13:30,休憩,0,30,False,False
S20,浜田大輝,子育て支援員,2026-10-03,土,13:30-14:00,13:30,14:00,休憩,0,30,False,False
S20,浜田大輝,子育て支援員,2026-10-03,土,14:00-14:30,14:00,14:30,勤務,30,0,False,False
S21,西村あかり,子育て支援員,2026-10-03,土,09:00-09:30,09:00,09:30,勤務,30,0,False,False
S21,西村あかり,子育て支援員,2026-10-03,土,09:30-10:00,09:30,10:00,勤務,30,0,False,False
S21,西村あかり,子育て支援員,2026-10-03,土,12:30-13:00,12:30,13:00,勤務,30,0,False,False
S21,西村あかり,子育て支援員,2026-10-03,土,13:00-13:30,13:00,13:30,勤務,30,0,False,False
S21,西村あかり,子育て支援員,2026-10-03,土,13:30-14:00,13:30,14:00,勤務,30,0,False,False
S21,西村あかり,子育て支援員,2026-10-03,土,14:00-14:30,14:00,14:30,勤務,30,0,False,False
S21,西村あかり,子育て支援員,2026-10-03,土,14:30-15:00,14:30,15:00,勤務,30,0,False,False
S21,西村あかり,子育て支援員,2026-10-03,土,15:00-15:30,15:00,15:30,休憩,0,30,False,False
S21,西村あかり,子育て支援員,2026-10-03,土,15:30-16:00,15:30,16:00,休憩,0,30,False,False
S21,西村あかり,子育て支援員,2026-10-03,土,16:00-16:30,16:00,16:30,休憩,0,30,False,False
S21,西村あかり,子育て支援員,2026-10-03,土,16:30-17:00,16:30,17:00,勤務,30,0,False,False
S22,河野健太,子育て支援員,2026-10-03,土,09:00-09:30,09:00,09:30,勤務,30,0,False,False
S22,河野健太,子育て支援員,2026-10-03,土,09:30-10:00,09:30,10:00,勤務,30,0,False,False
S22,河野健太,子育て支援員,2026-10-03,土,10:00-10:30,10:00,10:30,勤務,30,0,False,False
S22,河野健太,子育て支援員,2026-10-03,土,10:30-11:00,10:30,11:00,勤務,30,0,False,False
S22,河野健太,子育て支援員,2026-10-03,土,11:00-11:30,11:00,11:30,勤務,30,0,False,False
S22,河野健太,子育て支援員,2026-10-03,土,11:30-12:00,11:30,12:00,勤務,30,0,False,False
S22,河野健太,子育て支援員,2026-10-03,土,12:00-12:30,12:00,12:30,勤務,30,0,False,False
S22,河野健太,子育て支援員,2026-10-03,土,12:30-13:00,12:30,13:00,勤務,30,0,False,False
S22,河野健太,子育て支援員,2026-10-03,土,13:00-13:30,13:00,13:30,勤務,30,0,False,False
S22,河野健太,子育て支援員,2026-10-03,土,13:30-14:00,13:30,14:00,休憩,0,30,False,False
S22,河野健太,子育て支援員,2026-10-03,土,14:00-14:30,14:00,14:30,休憩,0,30,False,False
S23,清水颯太,子育て支援員,2026-10-03,土,09:30-10:00,09:30,10:00,勤務,30,0,False,False
S23,清水颯太,子育て支援員,2026-10-03,土,10:00-10:30,10:00,10:30,勤務,30,0,False,False
S23,清水颯太,子育て支援員,2026-10-03,土,10:30-11:00,10:30,11:00,勤務,30,0,False,False
S23,清水颯太,子育て支援員,2026-10-03,土,11:00-11:30,11:00,11:30,勤務,30,0,False,False
S23,清水颯太,子育て支援員,2026-10-03,土,11:30-12:00,11:30,12:00,勤務,30,0,False,False
S23,清水颯太,子育て支援員,2026-10-03,土,12:00-12:30,12:00,12:30,休憩,0,30,False,False
S23,清水颯太,子育て支援員,2026-10-03,土,12:30-13:00,12:30,13:00,休憩,0,30,False,False
S23,清水颯太,子育て支援員,2026-10-03,土,13:00-13:30,13:00,13:30,休憩,0,30,False,False
S23,清水颯太,子育て支援員,2026-10-03,土,13:30-14:00,13:30,14:00,勤務,30,0,False,False
S23,清水颯太,子育て支援員,2026-10-03,土,14:00-14:30,14:00,14:30,勤務,30,0,False,False
S23,清水颯太,子育て支援員,2026-10-03,土,14:30-15:00,14:30,15:00,勤務,30,0,False,False
S23,清水颯太,子育て支援員,2026-10-03,土,15:00-15:30,15:00,15:30,勤務,30,0,False,False
S23,清水颯太,子育て支援員,2026-10-03,土,15:30-16:00,15:30,16:00,勤務,30,0,False,False
S23,清水颯太,子育て支援員,2026-10-03,土,17:00-17:30,17:00,17:30,勤務,30,0,False,False
S23,清水颯太,子育て支援員,2026-10-03,土,17:30-18:00,17:30,18:00,勤務,30,0,False,False
S24,斎藤結衣,子育て支援員,2026-10-03,土,08:30-09:00,08:30,09:00,勤務,30,0,False,False
S24,斎藤結衣,子育て支援員,2026-10-03,土,09:00-09:30,09:00,09:30,休憩,0,30,False,False
S24,斎藤結衣,子育て支援員,2026-10-03,土,09:30-10:00,09:30,10:00,休憩,0,30,False,False
S24,斎藤結衣,子育て支援員,2026-10-03,土,10:00-10:30,10:00,10:30,勤務,30,0,False,False
S24,斎藤結衣,子育て支援員,2026-10-03,土,10:30-11:00,10:30,11:00,勤務,30,0,False,False
S24,斎藤結衣,子育て支援員,2026-10-03,土,11:00-11:30,11:00,11:30,勤務,30,0,False,False
S24,斎藤結衣,子育て支援員,2026-10-03,土,11:30-12:00,11:30,12:00,勤務,30,0,False,False
S24,斎藤結衣,子育て支援員,2026-10-03,土,12:00-12:30,12:00,12:30,勤務,30,0,False,False
S24,斎藤結衣,子育て支援員,2026-10-03,土,12:30-13:00,12:30,13:00,勤務,30,0,False,False
S24,斎藤結衣,子育て支援員,2026-10-03,土,13:00-13:30,13:00,13:30,勤務,30,0,False,False
S25,森本大輝,幼稚園教諭,2026-10-03,土,08:30-09:00,08:30,09:00,勤務,30,0,False,False
S25,森本大輝,幼稚園教諭,2026-10-03,土,09:00-09:30,09:00,09:30,勤務,30,0,False,False
S25,森本大輝,幼稚園教諭,2026-10-03,土,09:30-10:00,09:30,10:00,勤務,30,0,False,False
S25,森本大輝,幼稚園教諭,2026-10-03,土,10:00-10:30,10:00,10:30,勤務,30,0,False,False
S25,森本大輝,幼稚園教諭,2026-10-03,土,10:30-11:00,10:30,11:00,勤務,30,0,False,False
S25,森本大輝,幼稚園教諭,2026-10-03,土,11:00-11:30,11:00,11:30,勤務,30,0,False,False
S25,森本大輝,幼稚園教諭,2026-10-03,土,11:30-12:00,11:30,12:00,休憩,0,30,False,False
S25,森本大輝,幼稚園教諭,2026-10-03,土,12:00-12:30,12:00,12:30,休憩,0,30,False,False
S25,森本大輝,幼稚園教諭,2026-10-03,土,12:30-13:00,12:30,13:00,勤務,30,0,False,False
S25,森本大輝,幼稚園教諭,2026-10-03,土,13:00-13:30,13:00,13:30,勤務,30,0,False,False
S25,森本大輝,幼稚園教諭,2026-10-03,土,13:30-14:00,13:30,14:00,勤務,30,0,False,False
S25,森本大輝,幼稚園教諭,2026-10-03,土,14:00-14:30,14:00,14:30,勤務,30,0,False,False
S25,森本大輝,幼稚園教諭,2026-10-03,土,14:30-15:00,14:30,15:00,勤務,30,0,False,False
S25,森本大輝,幼稚園教諭,2026-10-03,土,15:00-15:30,15:00,15:30,勤務,30,0,False,False
S25,森本大輝,幼稚園教諭,2026-10-03,土,15:30-16:00,15:30,16:00,勤務,30,0,False,False
S25,森本大輝,幼稚園教諭,2026-10-03,土,16:00-16:30,16:00,16:30,勤務,30,0,False,False
S25,森本大輝,幼稚園教諭,2026-10-03,土,16:30-17:00,16:30,17:00,勤務,30,0,False,False
S26,池田彩乃,看護師,2026-10-03,土,08:30-09:00,08:30,09:00,勤務,30,0,False,False
S26,池田彩乃,看護師,2026-10-03,土,09:00-09:30,09:00,09:30,勤務,30,0,False,False
S26,池田彩乃,看護師,2026-10-03,土,09:30-10:00,09:30,10:00,勤務,30,0,False,False
S26,池田彩乃,看護師,2026-10-03,土,10:00-10:30,10:00,10:30,勤務,30,0,False,False
S26,池田彩乃,看護師,2026-10-03,土,10:30-11:00,10:30,11:00,勤務,30,0,False,False
S26,池田彩乃,看護師,2026-10-03,土,11:00-11:30,11:00,11:30,勤務,30,0,False,False
S26,池田彩乃,看護師,2026-10-03,土,11:30-12:00,11:30,12:00,勤務,30,0,False,False
S26,池田彩乃,看護師,2026-10-03,土,12:00-12:30,12:00,12:30,休憩,0,30,False,False
S26,池田彩乃,看護師,2026-10-03,土,12:30-13:00,12:30,13:00,休憩,0,30,False,False
S26,池田彩乃,看護師,2026-10-03,土,13:00-13:30,13:00,13:30,休憩,0,30,False,False
S01,山田花子,保育士,2026-10-05,月,07:00-07:30,07:00,07:30,勤務,30,0,True,False
S01,山田花子,保育士,2026-10-05,月,07:30-08:00,07:30,08:00,勤務,30,0,False,False
S01,山田花子,保育士,2026-10-05,月,08:00-08:30,08:00,08:30,休憩,0,30,False,False
S01,山田花子,保育士,2026-10-05,月,08:30-09:00,08:30,09:00,休憩,0,30,False,False
S01,山田花子,保育士,2026-10-05,月,09:00-09:30,09:00,09:30,休憩,0,30,False,False
S01,山田花子,保育士,2026-10-05,月,09:30-10:00,09:30,10:00,休憩,0,30,False,False
S01,山田花子,保育士,2026-10-05,月,10:00-10:30,10:00,10:30,勤務,30,0,False,False
S01,山田花子,保育士,2026-10-05,月,10:30-11:00,10:30,11:00,勤務,30,0,False,False
S01,山田花子,保育士,2026-10-05,月,11:00-11:30,11:00,11:30,勤務,30,0,False,False
S02,佐藤健太郎,保育士,2026-10-05,月,09:30-10:00,09:30,10:00,勤務,30,0,False,False
S02,佐藤健太郎,保育士,2026-10-05,月,10:00-10:30,10:00,10:30,勤務,30,0,False,False
S02,佐藤健太郎,保育士,2026-10-05,月,10:30-11:00,10:30,11:00,勤務,30,0,False,False
S02,佐藤健太郎,保育士,2026-10-05,月,11:00-11:30,11:00,11:30,勤務,30,0,False,False
S02,佐藤健太郎,保育士,2026-10-05,月,11:30-12:00,11:30,12:00,勤務,30,0,False,False
S02,佐藤健太郎,保育士,2026-10-05,月,12:00-12:30,12:00,12:30,勤務,30,0,False,False
S02,佐藤健太郎,保育士,2026-10-05,月,12:30-13:00,12:30,13:00,勤務,30,0,False,False
S02,佐藤健太郎,保育士,2026-10-05,月,13:00-13:30,13:00,13:30,勤務,30,0,False,False
S02,佐藤健太郎,保育士,2026-10-05,月,13:30-14:00,13:30,14:00,勤務,30,0,False,False
S02,佐藤健太郎,保育士,2026-10-05,月,14:00-14:30,14:00,14:30,勤務,30,0,False,False
S02,佐藤健太郎,保育士,2026-10-05,月,14:30-15:00,14:30,15:00,勤務,30,0,False,False
S02,佐藤健太郎,保育士,2026-10-05,月,15:00-15:30,15:00,15:30,休憩,0,30,False,False
S02,佐藤健太郎,保育士,2026-10-05,月,15:30-16:00,15:30,16:00,休憩,0,30,False,False
S02,佐藤健太郎,保育士,2026-10-05,月,16:00-16:30,16:00,16:30,休憩,0,30,False,False
S02,佐藤健太郎,保育士,2026-10-05,月,16:30-17:00,16:30,17:00,休憩,0,30,False,False
S03,鈴木由美,保育士,2026-10-05,月,08:00-08:30,08:00,08:30,勤務,30,0,False,False
S03,鈴木由美,保育士,2026-10-05,月,08:30-09:00,08:30,09:00,勤務,30,0,False,False
S03,鈴木由美,保育士,2026-10-05,月,09:00-09:30,09:00,09:30,勤務,30,0,False,False
S03,鈴木由美,保育士,2026-10-05,月,09:30-10:00,09:30,10:00,勤務,30,0,False,False
S03,鈴木由美,保育士,2026-10-05,月,10:00-10:30,10:00,10:30,勤務,30,0,False,False
S03,鈴木由美,保育士,2026-10-05,月,10:30-11:00,10:30,11:00,勤務,30,0,False,False
S03,鈴木由美,保育士,2026-10-05,月,11:00-11:30,11:00,11:30,休憩,0,30,False,False
S03,鈴木由美,保育士,2026-10-05,月,11:30-12:00,11:30,12:00,勤務,30,0,False,False
S03,鈴木由美,保育士,2026-10-05,月,12:00-12:30,12:00,12:30,勤務,30,0,False,False
S03,鈴木由美,保育士,2026-10-05,月,12:30-13:00,12:30,13:00,勤務,30,0,False,False
S04,高橋美咲,保育士,2026-10-05,月,08:30-09:00,08:30,09:00,勤務,30,0,False,False
S04,高橋美咲,保育士,2026-10-05,月,09:00-09:30,09:00,09:30,休憩,0,30,False,False
S04,高橋美咲,保育士,2026-10-05,月,09:30-10:00,09:30,10:00,休憩,0,30,False,False
S04,高橋美咲,保育士,2026-10-05,月,10:00-10:30,10:00,10:30,勤務,30,0,False,False
S04,高橋美咲,保育士,2026-10-05,月,10:30-11:00,10:30,11:00,勤務,30,0,False,False
S04,高橋美咲,保育士,2026-10-05,月,11:00-11:30,11:00,11:30,勤務,30,0,False,False
S04,高橋美咲,保育士,2026-10-05,月,11:30-12:00,11:30,12:00,勤務,30,0,False,False
S04,高橋美咲,保育士,2026-10-05,月,12:00-12:30,12:00,12:30,勤務,30,0,False,False
S04,高橋美咲,保育士,2026-10-05,月,14:30-15:00,14:30,15:00,勤務,30,0,False,False
S04,高橋美咲,保育士,2026-10-05,月,15:00-15:30,15:00,15:30,勤務,30,0,False,False
S04,高橋美咲,保育士,2026-10-05,月,15:30-16:00,15:30,16:00,勤務,30,0,False,False
S04,高橋美咲,保育士,2026-10-05,月,16:00-16:30,16:00,16:30,勤務,30,0,False,False
S05,伊藤大輔,保育士,2026-10-05,月,09:00-09:30,09:00,09:30,勤務,30,0,False,False
S05,伊藤大輔,保育士,2026-10-05,月,09:30-10:00,09:30,10:00,勤務,30,0,False,False
S05,伊藤大輔,保育士,2026-10-05,月,10:00-10:30,10:00,10:30,勤務,30,0,False,False
S05,伊藤大輔,保育士,2026-10-05,月,10:30-11:00,10:30,11:00,勤務,30,0,False,False
S05,伊藤大輔,保育士,2026-10-05,月,11:00-11:30,11:00,11:30,勤務,30,0,False,False
S05,伊藤大輔,保育士,2026-10-05,月,11:30-12:00,11:30,12:00,勤務,30,0,False,False
S05,伊藤大輔,保育士,2026-10-05,月,12:00-12:30,12:00,12:30,勤務,30,0,False,False
S05,伊藤大輔,保育士,2026-10-05,月,12:30-13:00,12:30,13:00,勤務,30,0,False,False
S05,伊藤大輔,保育士,2026-10-05,月,13:00-13:30,13:00,13:30,勤務,30,0,False,False
S05,伊藤大輔,保育士,2026-10-05,月,13:30-14:00,13:30,14:00,勤務,30,0,False,False
S05,伊藤大輔,保育士,2026-10-05,月,14:00-14:30,14:00,14:30,勤務,30,0,False,False
S05,伊藤大輔,保育士,2026-10-05,月,14:30-15:00,14:30,15:00,休憩,0,30,False,False
S05,伊藤大輔,保育士,2026-10-05,月,15:00-15:30,15:00,15:30,休憩,0,30,False,False
S05,伊藤大輔,保育士,2026-10-05,月,15:30-16:00,15:30,16:00,勤務,30,0,False,False
S05,伊藤大輔,保育士,2026-10-05,月,16:00-16:30,16:00,16:30,勤務,30,0,False,False
S05,伊藤大輔,保育士,2026-10-05,月,16:30-17:00,16:30,17:00,勤務,30,0,False,False
S05,伊藤大輔,保育士,2026-10-05,月,17:00-17:30,17:00,17:30,勤務,30,0,False,False
S05,伊藤大輔,保育士,2026-10-05,月,17:30-18:00,17:30,18:00,勤務,30,0,False,False
S06,渡辺直子,保育士,2026-10-05,月,12:00-12:30,12:00,12:30,勤務,30,0,False,False
S06,渡辺直子,保育士,2026-10-05,月,12:30-13:00,12:30,13:00,勤務,30,0,False,False
S06,渡辺直子,保育士,2026-10-05,月,13:00-13:30,13:00,13:30,勤務,30,0,False,False
S06,渡辺直子,保育士,2026-10-05,月,13:30-14:00,13:30,14:00,勤務,30,0,False,False
S06,渡辺直子,保育士,2026-10-05,月,14:00-14:30,14:00,14:30,勤務,30,0,False,False
S06,渡辺直子,保育士,2026-10-05,月,14:30-15:00,14:30,15:00,勤務,30,0,False,False
S06,渡辺直子,保育士,2026-10-05,月,15:00-15:30,15:00,15:30,休憩,0,30,False,False
S06,渡辺直子,保育士,2026-10-05,月,15:30-16:00,15:30,16:00,勤務,30,0,False,False
S06,渡辺直子,保育士,2026-10-05,月,16:00-16:30,16:00,16:30,勤務,30,0,False,False
S06,渡辺直子,保育士,2026-10-05,月,16:30-17:00,16:30,17:00,勤務,30,0,False,False
S06,渡辺直子,保育士,2026-10-05,月,17:00-17:30,17:00,17:30,勤務,30,0,False,False
S06,渡辺直子,保育士,2026-10-05,月,17:30-18:00,17:30,18:00,勤務,30,0,False,False
S08,中村拓也,保育士,2026-10-05,月,08:00-08:30,08:00,08:30,勤務,30,0,False,False
S08,中村拓也,保育士,2026-10-05,月,08:30-09:00,08:30,09:00,勤務,30,0,False,False
S08,中村拓也,保育士,2026-10-05,月,09:00-09:30,09:00,09:30,勤務,30,0,False,False
S08,中村拓也,保育士,2026-10-05,月,09:30-10:00,09:30,10:00,勤務,30,0,False,False
S08,中村拓也,保育士,2026-10-05,月,10:00-10:30,10:00,10:30,勤務,30,0,False,False
S08,中村拓也,保育士,2026-10-05,月,10:30-11:00,10:30,11:00,勤務,30,0,False,False
S08,中村拓也,保育士,2026-10-05,月,11:00-11:30,11:00,11:30,勤務,30,0,False,False
S08,中村拓也,保育士,2026-10-05,月,11:30-12:00,11:30,12:00,勤務,30,0,False,False
S08,中村拓也,保育士,2026-10-05,月,12:00-12:30,12:00,12:30,休憩,0,30,False,False
S08,中村拓也,保育士,2026-10-05,月,12:30-13:00,12:30,13:00,休憩,0,30,False,False
S08,中村拓也,保育士,2026-10-05,月,13:00-13:30,13:00,13:30,休憩,0,30,False,False
S08,中村拓也,保育士,2026-10-05,月,13:30-14:00,13:30,14:00,休憩,0,30,False,False
S08,中村拓也,保育士,2026-10-05,月,14:00-14:30,14:00,14:30,休憩,0,30,False,False
S08,中村拓也,保育士,2026-10-05,月,14:30-15:00,14:30,15:00,休憩,0,30,False,False
S08,中村拓也,保育士,2026-10-05,月,15:00-15:30,15:00,15:30,勤務,30,0,False,False
S09,小林麻衣,保育士,2026-10-05,月,16:30-17:00,16:30,17:00,勤務,30,0,False,False
S11,吉田千尋,保育士,2026-10-05,月,09:00-09:30,09:00,09:30,勤務,30,0,False,False
S11,吉田千尋,保育士,2026-10-05,月,09:30-10:00,09:30,10:00,休憩,0,30,False,False
S11,吉田千尋,保育士,2026-10-05,月,10:00-10:30,10:00,10:30,休憩,0,30,False,False
S11,吉田千尋,保育士,2026-10-05,月,10:30-11:00,10:30,11:00,休憩,0,30,False,False
S12,山田涼太,保育士,2026-10-05,月,12:00-12:30,12:00,12:30,勤務,30,0,False,False
S12,山田涼太,保育士,2026-10-05,月,12:30-13:00,12:30,13:00,勤務,30,0,False,False
S12,山田涼太,保育士,2026-10-05,月,13:00-13:30,13:00,13:30,勤務,30,0,False,False
S12,山田涼太,保育士,2026-10-05,月,13:30-14:00,13:30,14:00,勤務,30,0,False,False
S12,山田涼太,保育士,2026-10-05,月,14:00-14:30,14:00,14:30,休憩,0,30,False,False
S12,山田涼太,保育士,2026-10-05,月,14:30-15:00,14:30,15:00,休憩,0,30,False,False
S12,山田涼太,保育士,2026-10-05,月,15:00-15:30,15:00,15:30,休憩,0,30,False,False
S12,山田涼太,保育士,2026-10-05,月,15:30-16:00,15:30,16:00,休憩,0,30,False,False
S13,松本陽菜,保育士,2026-10-05,月,14:00-14:30,14:00,14:30,勤務,30,0,False,False
S13,松本陽菜,保育士,2026-10-05,月,14:30-15:00,14:30,15:00,勤務,30,0,False,False
S13,松本陽菜,保育士,2026-10-05,月,15:00-15:30,15:00,15:30,勤務,30,0,False,False
S13,松本陽菜,保育士,2026-10-05,月,15:30-16:00,15:30,16:00,勤務,30,0,False,False
S13,松本陽菜,保育士,2026-10-05,月,16:00-16:30,16:00,16:30,勤務,30,0,False,False
S13,松本陽菜,保育士,2026-10-05,月,16:30-17:00,16:30,17:00,勤務,30,0,False,False
S13,松本陽菜,保育士,2026-10-05,月,17:00-17:30,17:00,17:30,勤務,30,0,False,False
S13,松本陽菜,保育士,2026-10-05,月,17:30-18:00,17:30,18:00,勤務,30,0,False,False
S14,井上智也,保育士,2026-10-05,月,12:30-13:00,12:30,13:00,勤務,30,0,False,False
S14,井上智也,保育士,2026-10-05,月,13:00-13:30,13:00,13:30,休憩,0,30,False,False
S14,井上智也,保育士,2026-10-05,月,13:30-14:00,13:30,14:00,休憩,0,30,False,False
S14,井上智也,保育士,2026-10-05,月,14:00-14:30,14:00,14:30,休憩,0,30,False,False
S14,井上智也,保育士,2026-10-05,月,14:30-15:00,14:30,15:00,休憩,0,30,False,False
S14,井上智也,保育士,2026-10-05,月,15:00-15:30,15:00,15:30,勤務,30,0,False,False
S14,井上智也,保育士,2026-10-05,月,15:30-16:00,15:30,16:00,勤務,30,0,False,False
S14,井上智也,保育士,2026-10-05,月,16:00-16:30,16:00,16:30,勤務,30,0,False,False
S15,木村明日香,保育士,2026-10-05,月,16:30-17:00,16:30,17:00,勤務,30,0,False,False
S15,木村明日香,保育士,2026-10-05,月,17:00-17:30,17:00,17:30,勤務,30,0,False,False
S15,木村明日香,保育士,2026-10-05,月,17:30-18:00,17:30,18:00,休憩,0,30,False,False
S15,木村明日香,保育士,2026-10-05,月,18:00-18:30,18:00,18:30,勤務,30,0,False,True
S15,木村明日香,保育士,2026-10-05,月,18:30-19:00,18:30,19:00,勤務,30,0,False,True
S15,木村明日香,保育士,2026-10-05,月,19:00-19:30,19:00,19:30,勤務,30,0,False,True
S16,林大樹,保育士,2026-10-05,月,17:00-17:30,17:00,17:30,勤務,30,0,False,False
S16,林大樹,保育士,2026-10-05,月,17:30-18:00,17:30,18:00,勤務,30,0,False,False
S16,林大樹,保育士,2026-10-05,月,18:00-18:30,18:00,18:30,勤務,30,0,False,True
S16,林大樹,保育士,2026-10-05,月,18:30-19:00,18:30,19:00,勤務,30,0,False,True
S16,林大樹,保育士,2026-10-05,月,19:00-19:30,19:00,19:30,勤務,30,0,False,True
S18,岡田翔太,保育士,2026-10-05,月,08:30-09:00,08:30,09:00,勤務,30,0,False,False
S18,岡田翔太,保育士,2026-10-05,月,09:00-09:30,09:00,09:30,勤務,30,0,False,False
S18,岡田翔太,保育士,2026-10-05,月,09:30-10:00,09:30,10:00,勤務,30,0,False,False
S18,岡田翔太,保育士,2026-10-05,月,10:00-10:30,10:00,10:30,休憩,0,30,False,False
S18,岡田翔太,保育士,2026-10-05,月,10:30-11:00,10:30,11:00,休憩,0,30,False,False
S22,河野健太,子育て支援員,2026-10-05,月,13:00-13:30,13:00,13:30,勤務,30,0,False,False
S22,河野健太,子育て支援員,2026-10-05,月,13:30-14:00,13:30,14:00,勤務,30,0,False,False
S22,河野健太,子育て支援員,2026-10-05,月,14:00-14:30,14:00,14:30,勤務,30,0,False,False
S22,河野健太,子育て支援員,2026-10-05,月,14:30-15:00,14:30,15:00,休憩,0,30,False,False
S22,河野健太,子育て支援員,2026-10-05,月,15:00-15:30,15:00,15:30,休憩,0,30,False,False
S22,河野健太,子育て支援員,2026-10-05,月,15:30-16:00,15:30,16:00,休憩,0,30,False,False
S22,河野健太,子育て支援員,2026-10-05,月,16:00-16:30,16:00,16:30,休憩,0,30,False,False
S22,河野健太,子育て支援員,2026-10-05,月,16:30-17:00,16:30,17:00,休憩,0,30,False,False
S22,河野健太,子育て支援員,2026-10-05,月,17:00-17:30,17:00,17:30,休憩,0,30,False,False
S22,河野健太,子育て支援員,2026-10-05,月,17:30-18:00,17:30,18:00,休憩,0,30,False,False
S22,河野健太,子育て支援員,2026-10-05,月,18:00-18:30,18:00,18:30,勤務,30,0,False,True
S24,斎藤結衣,子育て支援員,2026-10-05,月,18:00-18:30,18:00,18:30,勤務,30,0,False,True
S24,斎藤結衣,子育て支援員,2026-10-05,月,18:30-19:00,18:30,19:00,勤務,30,0,False,True
S25,森本大輝,幼稚園教諭,2026-10-05,月,11:00-11:30,11:00,11:30,勤務,30,0,False,False
S25,森本大輝,幼稚園教諭,2026-10-05,月,11:30-12:00,11:30,12:00,勤務,30,0,False,False
S25,森本大輝,幼稚園教諭,2026-10-05,月,12:00-12:30,12:00,12:30,勤務,30,0,False,False
S25,森本大輝,幼稚園教諭,2026-10-05,月,12:30-13:00,12:30,13:00,休憩,0,30,False,False
S25,森本大輝,幼稚園教諭,2026-10-05,月,13:00-13:30,13:00,13:30,勤務,30,0,False,False
S26,池田彩乃,看護師,2026-10-05,月,07:00-07:30,07:00,07:30,勤務,30,0,True,False
S26,池田彩乃,看護師,2026-10-05,月,07:30-08:00,07:30,08:00,勤務,30,0,False,False
S26,池田彩乃,看護師,2026-10-05,月,08:00-08:30,08:00,08:30,勤務,30,0,False,False
S26,池田彩乃,看護師,2026-10-05,月,08:30-09:00,08:30,09:00,勤務,30,0,False,False
S26,池田彩乃,看護師,2026-10-05,月,09:00-09:30,09:00,09:30,勤務,30,0,False,False
S26,池田彩乃,看護師,2026-10-05,月,09:30-10:00,09:30,10:00,勤務,30,0,False,False
S26,池田彩乃,看護師,2026-10-05,月,10:00-10:30,10:00,10:30,休憩,0,30,False,False
S26,池田彩乃,看護師,2026-10-05,月,10:30-11:00,10:30,11:00,休憩,0,30,False,False
S26,池田彩乃,看護師,2026-10-05,月,13:00-13:30,13:00,13:30,勤務,30,0,False,False
S26,池田彩乃,看護師,2026-10-05,月,13:30-14:00,13:30,14:00,勤務,30,0,False,False
S26,池田彩乃,看護師,2026-10-05,月,14:00-14:30,14:00,14:30,勤務,30,0,False,False
S26,池田彩乃,看護師,2026-10-05,月,14:30-15:00,14:30,15:00,勤務,30,0,False,False
S26,池田彩乃,看護師,2026-10-05,月,15:00-15:30,15:00,15:30,勤務,30,0,False,False
S01,山田花子,保育士,2026-10-06,火,08:30-09:00,08:30,09:00,勤務,30,0,False,False
S01,山田花子,保育士,2026-10-06,火,09:00-09:30,09:00,09:30,勤務,30,0,False,False
S01,山田花子,保育士,2026-10-06,火,09:30-10:00,09:30,10:00,勤務,30,0,False,False
S01,山田花子,保育士,2026-10-06,火,10:00-10:30,10:00,10:30,勤務,30,0,False,False
S01,山田花子,保育士,2026-10-06,火,10:30-11:00,10:30,11:00,勤務,30,0,False,False
S01,山田花子,保育士,2026-10-06,火,11:00-11:30,11:00,11:30,勤務,30,0,False,False
S01,山田花子,保育士,2026-10-06,火,11:30-12:00,11:30,12:00,勤務,30,0,False,False
S01,山田花子,保育士,2026-10-06,火,12:00-12:30,12:00,12:30,勤務,30,0,False,False
S01,山田花子,保育士,2026-10-06,火,12:30-13:00,12:30,13:00,休憩,0,30,False,False
S01,山田花子,保育士,2026-10-06,火,13:00-13:30,13:00,13:30,休憩,0,30,False,False
S01,山田花子,保育士,2026-10-06,火,13:30-14:00,13:30,14:00,勤務,30,0,False,False
S01,山田花子,保育士,2026-10-06,火,14:00-14:30,14:00,14:30,勤務,30,0,False,False
S01,山田花子,保育士,2026-10-06,火,14:30-15:00,14:30,15:00,勤務,30,0,False,False
S01,山田花子,保育士,2026-10-06,火,15:00-15:30,15:00,15:30,勤務,30,0,False,False
S01,山田花子,保育士,2026-10-06,火,15:30-16:00,15:30,16:00,勤務,30,0,False,False
S02,佐藤健太郎,保育士,2026-10-06,火,09:00-09:30,09:00,09:30,勤務,30,0,False,False
S02,佐藤健太郎,保育士,2026-10-06,火,09:30-10:00,09:30,10:00,勤務,30,0,False,False
S02,佐藤健太郎,保育士,2026-10-06,火,10:00-10:30,10:00,10:30,勤務,30,0,False,False
S02,佐藤健太郎,保育士,2026-10-06,火,10:30-11:00,10:30,11:00,休憩,0,30,False,False
S02,佐藤健太郎,保育士,2026-10-06,火,11:00-11:30,11:00,11:30,勤務,30,0,False,False
S02,佐藤健太郎,保育士,2026-10-06,火,11:30-12:00,11:30,12:00,勤務,30,0,False,False
S02,佐藤健太郎,保育士,2026-10-06,火,12:00-12:30,12:00,12:30,勤務,30,0,False,False
S03,鈴木由美,保育士,2026-10-06,火,09:30-10:00,09:30,10:00,勤務,30,0,False,False
S03,鈴木由美,保育士,2026-10-06,火,10:00-10:30,10:00,10:30,勤務,30,0,False,False
S03,鈴木由美,保育士,2026-10-06,火,10:30-11:00,10:30,11:00,勤務,30,0,False,False
S03,鈴木由美,保育士,2026-10-06,火,11:00-11:30,11:00,11:30,休憩,0,30,False,False
S03,鈴木由美,保育士,2026-10-06,火,11:30-12:00,11:30,12:00,休憩,0,30,False,False
S03,鈴木由美,保育士,2026-10-06,火,12:00-12:30,12:00,12:30,勤務,30,0,False,False
S03,鈴木由美,保育士,2026-10-06,火,12:30-13:00,12:30,13:00,勤務,30,0,False,False
S03,鈴木由美,保育士,2026-10-06,火,14:00-14:30,14:00,14:30,勤務,30,0,False,False
S03,鈴木由美,保育士,2026-10-06,火,16:00-16:30,16:00,16:30,勤務,30,0,False,False
S03,鈴木由美,保育士,2026-10-06,火,16:30-17:00,16:30,17:00,勤務,30,0,False,False
S03,鈴木由美,保育士,2026-10-06,火,17:00-17:30,17:00,17:30,勤務,30,0,False,False
S03,鈴木由美,保育士,2026-10-06,火,17:30-18:00,17:30,18:00,勤務,30,0,False,False
S03,鈴木由美,保育士,2026-10-06,火,18:00-18:30,18:00,18:30,勤務,30,0,False,True
S03,鈴木由美,保育士,2026-10-06,火,18:30-19:00,18:30,19:00,勤務,30,0,False,True
S03,鈴木由美,保育士,2026-10-06,火,19:00-19:30,19:00,19:30,勤務,30,0,False,True
S04,高橋美咲,保育士,2026-10-06,火,07:00-07:30,07:00,07:30,勤務,30,0,True,False
S04,高橋美咲,保育士,2026-10-06,火,07:30-08:00,07:30,08:00,勤務,30,0,False,False
S04,高橋美咲,保育士,2026-10-06,火,08:00-08:30,08:00,08:30,勤務,30,0,False,False
S04,高橋美咲,保育士,2026-10-06,火,08:30-09:00,08:30,09:00,勤務,30,0,False,False
S04,高橋美咲,保育士,2026-10-06,火,09:00-09:30,09:00,09:30,勤務,30,0,False,False
S04,高橋美咲,保育士,2026-10-06,火,09:30-10:00,09:30,10:00,勤務,30,0,False,False
S04,高橋美咲,保育士,2026-10-06,火,10:00-10:30,10:00,10:30,休憩,0,30,False,False
S05,伊藤大輔,保育士,2026-10-06,火,08:30-09:00,08:30,09:00,勤務,30,0,False,False
S05,伊藤大輔,保育士,2026-10-06,火,09:00-09:30,09:00,09:30,勤務,30,0,False,False
S05,伊藤大輔,保育士,2026-10-06,火,09:30-10:00,09:30,10:00,勤務,30,0,False,False
S05,伊藤大輔,保育士,2026-10-06,火,10:00-10:30,10:00,10:30,勤務,30,0,False,False
S05,伊藤大輔,保育士,2026-10-06,火,10:30-11:00,10:30,11:00,勤務,30,0,False,False
S05,伊藤大輔,保育士,2026-10-06,火,11:00-11:30,11:00,11:30,勤務,30,0,False,False
S05,伊藤大輔,保育士,2026-10-06,火,11:30-12:00,11:30,12:00,勤務,30,0,False,False
S05,伊藤大輔,保育士,2026-10-06,火,12:00-12:30,12:00,12:30,休憩,0,30,False,False
S06,渡辺直子,保育士,2026-10-06,火,11:30-12:00,11:30,12:00,勤務,30,0,False,False
S06,渡辺直子,保育士,2026-10-06,火,12:00-12:30,12:00,12:30,勤務,30,0,False,False
S06,渡辺直子,保育士,2026-10-06,火,12:30-13:00,12:30,13:00,勤務,30,0,False,False
S06,渡辺直子,保育士,2026-10-06,火,13:00-13:30,13:00,13:30,勤務,30,0,False,False
S06,渡辺直子,保育士,2026-10-06,火,13:30-14:00,13:30,14:00,勤務,30,0,False,False
S06,渡辺直子,保育士,2026-10-06,火,14:00-14:30,14:00,14:30,休憩,0,30,False,False
S06,渡辺直子,保育士,2026-10-06,火,14:30-15:00,14:30,15:00,勤務,30,0,False,False
S06,渡辺直子,保育士,2026-10-06,火,15:00-15:30,15:00,15:30,勤務,30,0,False,False
S06,渡辺直子,保育士,2026-10-06,火,15:30-16:00,15:30,16:00,勤務,30,0,False,False
S06,渡辺直子,保育士,2026-10-06,火,16:00-16:30,16:00,16:30,勤務,30,0,False,False
S06,渡辺直子,保育士,2026-10-06,火,16:30-17:00,16:30,17:00,勤務,30,0,False,False
S06,渡辺直子,保育士,2026-10-06,火,17:00-17:30,17:00,17:30,勤務,30,0,False,False
S06,渡辺直子,保育士,2026-10-06,火,17:30-18:00,17:30,18:00,勤務,30,0,False,False
S06,渡辺直子,保育士,2026-10-06,火,18:00-18:30,18:00,18:30,勤務,30,0,False,True
S07,山本雅子,保育士,2026-10-06,火,08:00-08:30,08:00,08:30,勤務,30,0,False,False
S07,山本雅子,保育士,2026-10-06,火,08:30-09:00,08:30,09:00,勤務,30,0,False,False
S07,山本雅子,保育士,2026-10-06,火,09:00-09:30,09:00,09:30,休憩,0,30,False,False
S07,山本雅子,保育士,2026-10-06,火,09:30-10:00,09:30,10:00,休憩,0,30,False,False
S07,山本雅子,保育士,2026-10-06,火,10:00-10:30,10:00,10:30,休憩,0,30,False,False
S07,山本雅子,保育士,2026-10-06,火,10:30-11:00,10:30,11:00,休憩,0,30,False,False
S07,山本雅子,保育士,2026-10-06,火,11:00-11:30,11:00,11:30,休憩,0,30,False,False
S07,山本雅子,保育士,2026-10-06,火,11:30-12:00,11:30,12:00,休憩,0,30,False,False
S07,山本雅子,保育士,2026-10-06,火,12:00-12:30,12:00,12:30,休憩,0,30,False,False
S07,山本雅子,保育士,2026-10-06,火,12:30-13:00,12:30,13:00,休憩,0,30,False,False
S07,山本雅子,保育士,2026-10-06,火,13:00-13:30,13:00,13:30,勤務,30,0,False,False
S08,中村拓也,保育士,2026-10-06,火,10:30-11:00,10:30,11:00,勤務,30,0,False,False
S08,中村拓也,保育士,2026-10-06,火,11:00-11:30,11:00,11:30,勤務,30,0,False,False
S09,小林麻衣,保育士,2026-10-06,火,08:30-09:00,08:30,09:00,勤務,30,0,False,False
S09,小林麻衣,保育士,2026-10-06,火,09:00-09:30,09:00,09:30,勤務,30,0,False,False
S09,小林麻衣,保育士,2026-10-06,火,09:30-10:00,09:30,10:00,休憩,0,30,False,False
S09,小林麻衣,保育士,2026-10-06,火,10:00-10:30,10:00,10:30,休憩,0,30,False,False
S09,小林麻衣,保育士,2026-10-06,火,10:30-11:00,10:30,11:00,休憩,0,30,False,False
S09,小林麻衣,保育士,2026-10-06,火,11:00-11:30,11:00,11:30,勤務,30,0,False,False
S10,加藤裕太,保育士,2026-10-06,火,16:00-16:30,16:00,16:30,勤務,30,0,False,False
S10,加藤裕太,保育士,2026-10-06,火,16:30-17:00,16:30,17:00,勤務,30,0,False,False
S10,加藤裕太,保育士,2026-10-06,火,17:00-17:30,17:00,17:30,勤務,30,0,False,False
S10,加藤裕太,保育士,2026-10-06,火,17:30-18:00,17:30,18:00,勤務,30,0,False,False
S11,吉田千尋,保育士,2026-10-06,火,12:30-13:00,12:30,13:00,勤務,30,0,False,False
S11,吉田千尋,保育士,2026-10-06,火,13:00-13:30,13:00,13:30,勤務,30,0,False,False
S11,吉田千尋,保育士,2026-10-06,火,13:30-14:00,13:30,14:00,勤務,30,0,False,False
S11,吉田千尋,保育士,2026-10-06,火,14:00-14:30,14:00,14:30,勤務,30,0,False,False
S11,吉田千尋,保育士,2026-10-06,火,14:30-15:00,14:30,15:00,休憩,0,30,False,False
S11,吉田千尋,保育士,2026-10-06,火,15:00-15:30,15:00,15:30,休憩,0,30,False,False
S11,吉田千尋,保育士,2026-10-06,火,15:30-16:00,15:30,16:00,勤務,30,0,False,False
S11,吉田千尋,保育士,2026-10-06,火,16:00-16:30,16:00,16:30,勤務,30,0,False,False
S14,井上智也,保育士,2026-10-06,火,11:30-12:00,11:30,12:00,勤務,30,0,False,False
S14,井上智也,保育士,2026-10-06,火,12:00-12:30,12:00,12:30,休憩,0,30,False,False
S14,井上智也,保育士,2026-10-06,火,12:30-13:00,12:30,13:00,勤務,30,0,False,False
S14,井上智也,保育士,2026-10-06,火,13:00-13:30,13:00,13:30,勤務,30,0,False,False
S14,井上智也,保育士,2026-10-06,火,13:30-14:00,13:30,14:00,勤務,30,0,False,False
S14,井上智也,保育士,2026-10-06,火,14:00-14:30,14:00,14:30,勤務,30,0,False,False
S14,井上智也,保育士,2026-10-06,火,14:30-15:00,14:30,15:00,勤務,30,0,False,False
S14,井上智也,保育士,2026-10-06,火,15:00-15:30,15:00,15:30,勤務,30,0,False,False
S14,井上智也,保育士,2026-10-06,火,15:30-16:00,15:30,16:00,勤務,30,0,False,False
S15,木村明日香,保育士,2026-10-06,火,08:30-09:00,08:30,09:00,勤務,30,0,False,False
S15,木村明日香,保育士,2026-10-06,火,09:00-09:30,09:00,09:30,勤務,30,0,False,False
S15,木村明日香,保育士,2026-10-06,火,09:30-10:00,09:30,10:00,休憩,0,30,False,False
S15,木村明日香,保育士,2026-10-06,火,10:00-10:30,10:00,10:30,休憩,0,30,False,False
S15,木村明日香,保育士,2026-10-06,火,10:30-11:00,10:30,11:00,休憩,0,30,False,False
S15,木村明日香,保育士,2026-10-06,火,11:00-11:30,11:00,11:30,休憩,0,30,False,False
S15,木村明日香,保育士,2026-10-06,火,11:30-12:00,11:30,12:00,勤務,30,0,False,False
S15,木村明日香,保育士,2026-10-06,火,12:00-12:30,12:00,12:30,勤務,30,0,False,False
S15,木村明日香,保育士,2026-10-06,火,12:30-13:00,12:30,13:00,勤務,30,0,False,False
S15,木村明日香,保育士,2026-10-06,火,13:00-13:30,13:00,13:30,勤務,30,0,False,False
S15,木村明日香,保育士,2026-10-06,火,13:30-14:00,13:30,14:00,勤務,30,0,False,False
S15,木村明日香,保育士,2026-10-06,火,14:00-14:30,14:00,14:30,勤務,30,0,False,False
S17,藤田美月,保育士,2026-10-06,火,14:30-15:00,14:30,15:00,勤務,30,0,False,False
S17,藤田美月,保育士,2026-10-06,火,15:00-15:30,15:00,15:30,勤務,30,0,False,False
S17,藤田美月,保育士,2026-10-06,火,15:30-16:00,15:30,16:00,勤務,30,0,False,False
S17,藤田美月,保育士,2026-10-06,火,16:00-16:30,16:00,16:30,勤務,30,0,False,False
S17,藤田美月,保育士,2026-10-06,火,16:30-17:00,16:30,17:00,勤務,30,0,False,False
S17,藤田美月,保育士,2026-10-06,火,17:00-17:30,17:00,17:30,勤務,30,0,False,False
S18,岡田翔太,保育士,2026-10-06,火,08:00-08:30,08:00,08:30,勤務,30,0,False,False
S18,岡田翔太,保育士,2026-10-06,火,08:30-09:00,08:30,09:00,勤務,30,0,False,False
S18,岡田翔太,保育士,2026-10-06,火,09:00-09:30,09:00,09:30,勤務,30,0,False,False
S18,岡田翔太,保育士,2026-10-06,火,09:30-10:00,09:30,10:00,勤務,30,0,False,False
S18,岡田翔太,保育士,2026-10-06,火,10:00-10:30,10:00,10:30,勤務,30,0,False,False
S18,岡田翔太,保育士,2026-10-06,火,10:30-11:00,10:30,11:00,勤務,30,0,False,False
S18,岡田翔太,保育士,2026-10-06,火,11:00-11:30,11:00,11:30,休憩,0,30,False,False
S18,岡田翔太,保育士,2026-10-06,火,11:30-12:00,11:30,12:00,休憩,0,30,False,False
S18,岡田翔太,保育士,2026-10-06,火,12:00-12:30,12:00,12:30,休憩,0,30,False,False
S18,岡田翔太,保育士,2026-10-06,火,12:30-13:00,12:30,13:00,休憩,0,30,False,False
S18,岡田翔太,保育士,2026-10-06,火,13:00-13:30,13:00,13:30,休憩,0,30,False,False
S18,岡田翔太,保育士,2026-10-06,火,13:30-14:00,13:30,14:00,勤務,30,0,False,False
S18,岡田翔太,保育士,2026-10-06,火,14:00-14:30,14:00,14:30,勤務,30,0,False,False
S18,岡田翔太,保育士,2026-10-06,火,14:30-15:00,14:30,15:00,勤務,30,0,False,False
S18,岡田翔太,保育士,2026-10-06,火,15:00-15:30,15:00,15:30,勤務,30,0,False,False
S19,三浦七海,子育て支援員,2026-10-06,火,18:00-18:30,18:00,18:30,勤務,30,0,False,True
S19,三浦七海,子育て支援員,2026-10-06,火,18:30-19:00,18:30,19:00,勤務,30,0,False,True
S19,三浦七海,子育て支援員,2026-10-06,火,19:00-19:30,19:00,19:30,勤務,30,0,False,True
S22,河野健太,子育て支援員,2026-10-06,火,10:00-10:30,10:00,10:30,勤務,30,0,False,False
S22,河野健太,子育て支援員,2026-10-06,火,10:30-11:00,10:30,11:00,休憩,0,30,False,False
S22,河野健太,子育て支援員,2026-10-06,火,11:00-11:30,11:00,11:30,休憩,0,30,False,False
S22,河野健太,子育て支援員,2026-10-06,火,11:30-12:00,11:30,12:00,休憩,0,30,False,False
S22,河野健太,子育て支援員,2026-10-06,火,12:00-12:30,12:00,12:30,勤務,30,0,False,False
S22,河野健太,子育て支援員,2026-10-06,火,12:30-13:00,12:30,13:00,勤務,30,0,False,False
S24,斎藤結衣,子育て支援員,2026-10-06,火,07:00-07:30,07:00,07:30,勤務,30,0,True,False
S24,斎藤結衣,子育て支援員,2026-10-06,火,07:30-08:00,07:30,08:00,勤務,30,0,False,False
S24,斎藤結衣,子育て支援員,2026-10-06,火,08:00-08:30,08:00,08:30,勤務,30,0,False,False
S24,斎藤結衣,子育て支援員,2026-10-06,火,08:30-09:00,08:30,09:00,休憩,0,30,False,False
S25,森本大輝,幼稚園教諭,2026-10-06,火,16:30-17:00,16:30,17:00,勤務,30,0,False,False
S25,森本大輝,幼稚園教諭,2026-10-06,火,17:00-17:30,17:00,17:30,勤務,30,0,False,False
S25,森本大輝,幼稚園教諭,2026-10-06,火,17:30-18:00,17:30,18:00,勤務,30,0,False,False
S26,池田彩乃,看護師,2026-10-06,火,08:00-08:30,08:00,08:30,勤務,30,0,False,False
S26,池田彩乃,看護師,2026-10-06,火,08:30-09:00,08:30,09:00,勤務,30,0,False,False
S26,池田彩乃,看護師,2026-10-06,火,09:00-09:30,09:00,09:30,休憩,0,30,False,False
S26,池田彩乃,看護師,2026-10-06,火,09:30-10:00,09:30,10:00,休憩,0,30,False,False
S26,池田彩乃,看護師,2026-10-06,火,10:00-10:30,10:00,10:30,休憩,0,30,False,False
S26,池田彩乃,看護師,2026-10-06,火,10:30-11:00,10:30,11:00,勤務,30,0,False,False
S26,池田彩乃,看護師,2026-10-06,火,11:00-11:30,11:00,11:30,勤務,30,0,False,False
S26,池田彩乃,看護師,2026-10-06,火,11:30-12:00,11:30,12:00,勤務,30,0,False,False
S26,池田彩乃,看護師,2026-10-06,火,12:00-12:30,12:00,12:30,勤務,30,0,False,False
S26,池田彩乃,看護師,2026-10-06,火,12:30-13:00,12:30,13:00,勤務,30,0,False,False
S26,池田彩乃,看護師,2026-10-06,火,13:00-13:30,13:00,13:30,勤務,30,0,False,False
S01,山田花子,保育士,2026-10-07,水,08:30-09:00,08:30,09:00,勤務,30,0,False,False
S01,山田花子,保育士,2026-10-07,水,09:00-09:30,09:00,09:30,勤務,30,0,False,False
S01,山田花子,保育士,2026-10-07,水,09:30-10:00,09:30,10:00,勤務,30,0,False,False
S01,山田花子,保育士,2026-10-07,水,10:00-10:30,10:00,10:30,勤務,30,0,False,False
S01,山田花子,保育士,2026-10-07,水,10:30-11:00,10:30,11:00,勤務,30,0,False,False
S01,山田花子,保育士,2026-10-07,水,11:00-11:30,11:00,11:30,勤務,30,0,False,False
S01,山田花子,保育士,2026-10-07,水,11:30-12:00,11:30,12:00,勤務,30,0,False,False
S01,山田花子,保育士,2026-10-07,水,12:00-12:30,12:00,12:30,勤務,30,0,False,False
S01,山田花子,保育士,2026-10-07,水,12:30-13:00,12:30,13:00,勤務,30,0,False,False
S01,山田花子,保育士,2026-10-07,水,13:00-13:30,13:00,13:30,勤務,30,0,False,False
S01,山田花子,保育士,2026-10-07,水,13:30-14:00,13:30,14:00,勤務,30,0,False,False
S01,山田花子,保育士,2026-10-07,水,14:00-14:30,14:00,14:30,勤務,30,0,False,False
S01,山田花子,保育士,2026-10-07,水,14:30-15:00,14:30,15:00,勤務,30,0,False,False
S01,山田花子,保育士,2026-10-07,水,15:00-15:30,15:00,15:30,勤務,30,0,False,False
S01,山田花子,保育士,2026-10-07,水,15:30-16:00,15:30,16:00,休憩,0,30,False,False
S01,山田花子,保育士,2026-10-07,水,16:00-16:30,16:00,16:30,休憩,0,30,False,False
S01,山田花子,保育士,2026-10-07,水,16:30-17:00,16:30,17:00,勤務,30,0,False,False
S01,山田花子,保育士,2026-10-07,水,17:00-17:30,17:00,17:30,勤務,30,0,False,False
S01,山田花子,保育士,2026-10-07,水,17:30-18:00,17:30,18:00,勤務,30,0,False,False
S02,佐藤健太郎,保育士,2026-10-07,水,15:00-15:30,15:00,15:30,勤務,30,0,False,False
S02,佐藤健太郎,保育士,2026-10-07,水,15:30-16:00,15:30,16:00,勤務,30,0,False,False
S02,佐藤健太郎,保育士,2026-10-07,水,16:00-16:30,16:00,16:30,勤務,30,0,False,False
S02,佐藤健太郎,保育士,2026-10-07,水,16:30-17:00,16:30,17:00,勤務,30,0,False,False
S02,佐藤健太郎,保育士,2026-10-07,水,17:00-17:30,17:00,17:30,休憩,0,30,False,False
S02,佐藤健太郎,保育士,2026-10-07,水,17:30-18:00,17:30,18:00,勤務,30,0,False,False
S02,佐藤健太郎,保育士,2026-10-07,水,18:00-18:30,18:00,18:30,勤務,30,0,False,True
S02,佐藤健太郎,保育士,2026-10-07,水,18:30-19:00,18:30,19:00,勤務,30,0,False,True
S02,佐藤健太郎,保育士,2026-10-07,水,19:00-19:30,19:00,19:30,勤務,30,0,False,True
S03,鈴木由美,保育士,2026-10-07,水,12:00-12:30,12:00,12:30,勤務,30,0,False,False
S03,鈴木由美,保育士,2026-10-07,水,12:30-13:00,12:30,13:00,勤務,30,0,False,False
S03,鈴木由美,保育士,2026-10-07,水,13:00-13:30,13:00,13:30,勤務,30,0,False,False
S03,鈴木由美,保育士,2026-10-07,水,13:30-14:00,13:30,14:00,勤務,30,0,False,False
S03,鈴木由美,保育士,2026-10-07,水,14:00-14:30,14:00,14:30,勤務,30,0,False,False
S03,鈴木由美,保育士,2026-10-07,水,14:30-15:00,14:30,15:00,勤務,30,0,False,False
S03,鈴木由美,保育士,2026-10-07,水,15:00-15:30,15:00,15:30,休憩,0,30,False,False
S03,鈴木由美,保育士,2026-10-07,水,15:30-16:00,15:30,16:00,休憩,0,30,False,False
S03,鈴木由美,保育士,2026-10-07,水,16:00-16:30,16:00,16:30,勤務,30,0,False,False
S03,鈴木由美,保育士,2026-10-07,水,16:30-17:00,16:30,17:00,勤務,30,0,False,False
S03,鈴木由美,保育士,2026-10-07,水,17:00-17:30,17:00,17:30,勤務,30,0,False,False
S04,高橋美咲,保育士,2026-10-07,水,11:30-12:00,11:30,12:00,勤務,30,0,False,False
S04,高橋美咲,保育士,2026-10-07,水,12:00-12:30,12:00,12:30,勤務,30,0,False,False
S04,高橋美咲,保育士,2026-10-07,水,14:00-14:30,14:00,14:30,勤務,30,0,False,False
S04,高橋美咲,保育士,2026-10-07,水,14:30-15:00,14:30,15:00,勤務,30,0,False,False
S04,高橋美咲,保育士,2026-10-07,水,15:00-15:30,15:00,15:30,勤務,30,0,False,False
S04,高橋美咲,保育士,2026-10-07,水,15:30-16:00,15:30,16:00,勤務,30,0,False,False
S04,高橋美咲,保育士,2026-10-07,水,16:00-16:30,16:00,16:30,勤務,30,0,False,False
S04,高橋美咲,保育士,2026-10-07,水,16:30-17:00,16:30,17:00,勤務,30,0,False,False
S04,高橋美咲,保育士,2026-10-07,水,17:00-17:30,17:00,17:30,勤務,30,0,False,False
S04,高橋美咲,保育士,2026-10-07,水,17:30-18:00,17:30,18:00,勤務,30,0,False,False
S05,伊藤大輔,保育士,2026-10-07,水,07:00-07:30,07:00,07:30,勤務,30,0,True,False
S05,伊藤大輔,保育士,2026-10-07,水,07:30-08:00,07:30,08:00,勤務,30,0,False,False
S05,伊藤大輔,保育士,2026-10-07,水,08:00-08:30,08:00,08:30,勤務,30,0,False,False
S05,伊藤大輔,保育士,2026-10-07,水,08:30-09:00,08:30,09:00,勤務,30,0,False,False
S05,伊藤大輔,保育士,2026-10-07,水,09:00-09:30,09:00,09:30,勤務,30,0,False,False
S05,伊藤大輔,保育士,2026-10-07,水,09:30-10:00,09:30,10:00,勤務,30,0,False,False
S05,伊藤大輔,保育士,2026-10-07,水,10:00-10:30,10:00,10:30,休憩,0,30,False,False
S05,伊藤大輔,保育士,2026-10-07,水,10:30-11:00,10:30,11:00,勤務,30,0,False,False
S05,伊藤大輔,保育士,2026-10-07,水,11:00-11:30,11:00,11:30,勤務,30,0,False,False
S05,伊藤大輔,保育士,2026-10-07,水,11:30-12:00,11:30,12:00,勤務,30,0,False,False
S05,伊藤大輔,保育士,2026-10-07,水,12:00-12:30,12:00,12:30,勤務,30,0,False,False
S05,伊藤大輔,保育士,2026-10-07,水,12:30-13:00,12:30,13:00,勤務,30,0,False,False
S05,伊藤大輔,保育士,2026-10-07,水,13:00-13:30,13:00,13:30,勤務,30,0,False,False
S06,渡辺直子,保育士,2026-10-07,水,08:00-08:30,08:00,08:30,勤務,30,0,False,False
S06,渡辺直子,保育士,2026-10-07,水,08:30-09:00,08:30,09:00,勤務,30,0,False,False
S06,渡辺直子,保育士,2026-10-07,水,09:00-09:30,09:00,09:30,勤務,30,0,False,False
S06,渡辺直子,保育士,2026-10-07,水,09:30-10:00,09:30,10:00,勤務,30,0,False,False
S06,渡辺直子,保育士,2026-10-07,水,10:00-10:30,10:00,10:30,休憩,0,30,False,False
S06,渡辺直子,保育士,2026-10-07,水,10:30-11:00,10:30,11:00,休憩,0,30,False,False
S06,渡辺直子,保育士,2026-10-07,水,11:00-11:30,11:00,11:30,勤務,30,0,False,False
S06,渡辺直子,保育士,2026-10-07,水,11:30-12:00,11:30,12:00,勤務,30,0,False,False
S06,渡辺直子,保育士,2026-10-07,水,12:00-12:30,12:00,12:30,勤務,30,0,False,False
S06,渡辺直子,保育士,2026-10-07,水,12:30-13:00,12:30,13:00,勤務,30,0,False,False
S06,渡辺直子,保育士,2026-10-07,水,13:00-13:30,13:00,13:30,勤務,30,0,False,False
S06,渡辺直子,保育士,2026-10-07,水,13:30-14:00,13:30,14:00,勤務,30,0,False,False
S06,渡辺直子,保育士,2026-10-07,水,14:00-14:30,14:00,14:30,勤務,30,0,False,False
S06,渡辺直子,保育士,2026-10-07,水,14:30-15:00,14:30,15:00,勤務,30,0,False,False
S06,渡辺直子,保育士,2026-10-07,水,15:00-15:30,15:00,15:30,勤務,30,0,False,False
S06,渡辺直子,保育士,2026-10-07,水,15:30-16:00,15:30,16:00,勤務,30,0,False,False
S10,加藤裕太,保育士,2026-10-07,水,16:30-17:00,16:30,17:00,勤務,30,0,False,False
S10,加藤裕太,保育士,2026-10-07,水,17:00-17:30,17:00,17:30,勤務,30,0,False,False
S11,吉田千尋,保育士,2026-10-07,水,08:00-08:30,08:00,08:30,勤務,30,0,False,False
S11,吉田千尋,保育士,2026-10-07,水,08:30-09:00,08:30,09:00,勤務,30,0,False,False
S11,吉田千尋,保育士,2026-10-07,水,09:00-09:30,09:00,09:30,勤務,30,0,False,False
S11,吉田千尋,保育士,2026-10-07,水,09:30-10:00,09:30,10:00,勤務,30,0,False,False
S11,吉田千尋,保育士,2026-10-07,水,10:00-10:30,10:00,10:30,勤務,30,0,False,False
S11,吉田千尋,保育士,2026-10-07,水,10:30-11:00,10:30,11:00,休憩,0,30,False,False
S11,吉田千尋,保育士,2026-10-07,水,11:00-11:30,11:00,11:30,休憩,0,30,False,False
S11,吉田千尋,保育士,2026-10-07,水,11:30-12:00,11:30,12:00,休憩,0,30,False,False
S11,吉田千尋,保育士,2026-10-07,水,12:00-12:30,12:00,12:30,休憩,0,30,False,False
S11,吉田千尋,保育士,2026-10-07,水,12:30-13:00,12:30,13:00,休憩,0,30,False,False
S11,吉田千尋,保育士,2026-10-07,水,13:00-13:30,13:00,13:30,休憩,0,30,False,False
S11,吉田千尋,保育士,2026-10-07,水,13:30-14:00,13:30,14:00,休憩,0,30,False,False
S11,吉田千尋,保育士,2026-10-07,水,14:00-14:30,14:00,14:30,勤務,30,0,False,False
S12,山田涼太,保育士,2026-10-07,水,09:30-10:00,09:30,10:00,勤務,30,0,False,False
S12,山田涼太,保育士,2026-10-07,水,10:00-10:30,10:00,10:30,勤務,30,0,False,False
S12,山田涼太,保育士,2026-10-07,水,10:30-11:00,10:30,11:00,勤務,30,0,False,False
S12,山田涼太,保育士,2026-10-07,水,11:00-11:30,11:00,11:30,勤務,30,0,False,False
S12,山田涼太,保育士,2026-10-07,水,11:30-12:00,11:30,12:00,勤務,30,0,False,False
S12,山田涼太,保育士,2026-10-07,水,12:00-12:30,12:00,12:30,勤務,30,0,False,False
S12,山田涼太,保育士,2026-10-07,水,12:30-13:00,12:30,13:00,勤務,30,0,False,False
S12,山田涼太,保育士,2026-10-07,水,13:00-13:30,13:00,13:30,勤務,30,0,False,False
S12,山田涼太,保育士,2026-10-07,水,13:30-14:00,13:30,14:00,勤務,30,0,False,False
S12,山田涼太,保育士,2026-10-07,水,14:00-14:30,14:00,14:30,休憩,0,30,False,False
S12,山田涼太,保育士,2026-10-07,水,14:30-15:00,14:30,15:00,休憩,0,30,False,False
S12,山田涼太,保育士,2026-10-07,水,15:00-15:30,15:00,15:30,休憩,0,30,False,False
S12,山田涼太,保育士,2026-10-07,水,15:30-16:00,15:30,16:00,勤務,30,0,False,False
S12,山田涼太,保育士,2026-10-07,水,16:00-16:30,16:00,16:30,勤務,30,0,False,False
S14,井上智也,保育士,2026-10-07,水,17:30-18:00,17:30,18:00,勤務,30,0,False,False
S14,井上智也,保育士,2026-10-07,水,18:00-18:30,18:00,18:30,勤務,30,0,False,True
S15,木村明日香,保育士,2026-10-07,水,08:30-09:00,08:30,09:00,勤務,30,0,False,False
S15,木村明日香,保育士,2026-10-07,水,09:00-09:30,09:00,09:30,勤務,30,0,False,False
S15,木村明日香,保育士,2026-10-07,水,09:30-10:00,09:30,10:00,休憩,0,30,False,False
S15,木村明日香,保育士,2026-10-07,水,10:00-10:30,10:00,10:30,勤務,30,0,False,False
S15,木村明日香,保育士,2026-10-07,水,10:30-11:00,10:30,11:00,勤務,30,0,False,False
S15,木村明日香,保育士,2026-10-07,水,11:00-11:30,11:00,11:30,勤務,30,0,False,False
S17,藤田美月,保育士,2026-10-07,水,10:00-10:30,10:00,10:30,勤務,30,0,False,False
S17,藤田美月,保育士,2026-10-07,水,10:30-11:00,10:30,11:00,勤務,30,0,False,False
S17,藤田美月,保育士,2026-10-07,水,11:00-11:30,11:00,11:30,休憩,0,30,False,False
S17,藤田美月,保育士,2026-10-07,水,11:30-12:00,11:30,12:00,休憩,0,30,False,False
S17,藤田美月,保育士,2026-10-07,水,12:00-12:30,12:00,12:30,休憩,0,30,False,False
S17,藤田美月,保育士,2026-10-07,水,12:30-13:00,12:30,13:00,勤務,30,0,False,False
S17,藤田美月,保育士,2026-10-07,水,13:00-13:30,13:00,13:30,勤務,30,0,False,False
S17,藤田美月,保育士,2026-10-07,水,13:30-14:00,13:30,14:00,勤務,30,0,False,False
S18,岡田翔太,保育士,2026-10-07,水,08:30-09:00,08:30,09:00,勤務,30,0,False,False
S18,岡田翔太,保育士,2026-10-07,水,09:00-09:30,09:00,09:30,勤務,30,0,False,False
S18,岡田翔太,保育士,2026-10-07,水,09:30-10:00,09:30,10:00,勤務,30,0,False,False
S18,岡田翔太,保育士,2026-10-07,水,10:00-10:30,10:00,10:30,勤務,30,0,False,False
S18,岡田翔太,保育士,2026-10-07,水,10:30-11:00,10:30,11:00,勤務,30,0,False,False
S18,岡田翔太,保育士,2026-10-07,水,11:00-11:30,11:00,11:30,休憩,0,30,False,False
S18,岡田翔太,保育士,2026-10-07,水,11:30-12:00,11:30,12:00,休憩,0,30,False,False
S23,清水颯太,子育て支援員,2026-10-07,水,07:00-07:30,07:00,07:30,勤務,30,0,True,False
S23,清水颯太,子育て支援員,2026-10-07,水,07:30-08:00,07:30,08:00,勤務,30,0,False,False
S23,清水颯太,子育て支援員,2026-10-07,水,08:00-08:30,08:00,08:30,勤務,30,0,False,False
S23,清水颯太,子育て支援員,2026-10-07,水,08:30-09:00,08:30,09:00,休憩,0,30,False,False
S23,清水颯太,子育て支援員,2026-10-07,水,09:00-09:30,09:00,09:30,休憩,0,30,False,False
S23,清水颯太,子育て支援員,2026-10-07,水,09:30-10:00,09:30,10:00,休憩,0,30,False,False
S23,清水颯太,子育て支援員,2026-10-07,水,10:00-10:30,10:00,10:30,休憩,0,30,False,False
S23,清水颯太,子育て支援員,2026-10-07,水,10:30-11:00,10:30,11:00,休憩,0,30,False,False
S23,清水颯太,子育て支援員,2026-10-07,水,11:00-11:30,11:00,11:30,休憩,0,30,False,False
S23,清水颯太,子育て支援員,2026-10-07,水,11:30-12:00,11:30,12:00,休憩,0,30,False,False
S23,清水颯太,子育て支援員,2026-10-07,水,12:00-12:30,12:00,12:30,休憩,0,30,False,False
S23,清水颯太,子育て支援員,2026-10-07,水,12:30-13:00,12:30,13:00,休憩,0,30,False,False
S23,清水颯太,子育て支援員,2026-10-07,水,13:00-13:30,13:00,13:30,休憩,0,30,False,False
S23,清水颯太,子育て支援員,2026-10-07,水,13:30-14:00,13:30,14:00,休憩,0,30,False,False
S23,清水颯太,子育て支援員,2026-10-07,水,14:00-14:30,14:00,14:30,休憩,0,30,False,False
S23,清水颯太,子育て支援員,2026-10-07,水,14:30-15:00,14:30,15:00,休憩,0,30,False,False
S23,清水颯太,子育て支援員,2026-10-07,水,15:00-15:30,15:00,15:30,休憩,0,30,False,False
S23,清水颯太,子育て支援員,2026-10-07,水,15:30-16:00,15:30,16:00,休憩,0,30,False,False
S23,清水颯太,子育て支援員,2026-10-07,水,16:00-16:30,16:00,16:30,休憩,0,30,False,False
S23,清水颯太,子育て支援員,2026-10-07,水,16:30-17:00,16:30,17:00,休憩,0,30,False,False
S23,清水颯太,子育て支援員,2026-10-07,水,17:00-17:30,17:00,17:30,休憩,0,30,False,False
S23,清水颯太,子育て支援員,2026-10-07,水,17:30-18:00,17:30,18:00,休憩,0,30,False,False
S23,清水颯太,子育て支援員,2026-10-07,水,18:00-18:30,18:00,18:30,勤務,30,0,False,True
S23,清水颯太,子育て支援員,2026-10-07,水,18:30-19:00,18:30,19:00,勤務,30,0,False,True
S23,清水颯太,子育て支援員,2026-10-07,水,19:00-19:30,19:00,19:30,勤務,30,0,False,True
S25,森本大輝,幼稚園教諭,2026-10-07,水,14:30-15:00,14:30,15:00,勤務,30,0,False,False
S25,森本大輝,幼稚園教諭,2026-10-07,水,15:00-15:30,15:00,15:30,勤務,30,0,False,False
S25,森本大輝,幼稚園教諭,2026-10-07,水,15:30-16:00,15:30,16:00,勤務,30,0,False,False
S25,森本大輝,幼稚園教諭,2026-10-07,水,16:00-16:30,16:00,16:30,勤務,30,0,False,False
S25,森本大輝,幼稚園教諭,2026-10-07,水,16:30-17:00,16:30,17:00,勤務,30,0,False,False
S25,森本大輝,幼稚園教諭,2026-10-07,水,17:00-17:30,17:00,17:30,勤務,30,0,False,False
S26,池田彩乃,看護師,2026-10-07,水,11:00-11:30,11:00,11:30,勤務,30,0,False,False
S26,池田彩乃,看護師,2026-10-07,水,11:30-12:00,11:30,12:00,勤務,30,0,False,False
S26,池田彩乃,看護師,2026-10-07,水,12:00-12:30,12:00,12:30,休憩,0,30,False,False
S26,池田彩乃,看護師,2026-10-07,水,12:30-13:00,12:30,13:00,勤務,30,0,False,False
S26,池田彩乃,看護師,2026-10-07,水,13:00-13:30,13:00,13:30,勤務,30,0,False,False
S26,池田彩乃,看護師,2026-10-07,水,13:30-14:00,13:30,14:00,勤務,30,0,False,False
S26,池田彩乃,看護師,2026-10-07,水,14:00-14:30,14:00,14:30,勤務,30,0,False,False
S26,池田彩乃,看護師,2026-10-07,水,14:30-15:00,14:30,15:00,勤務,30,0,False,False
S26,池田彩乃,看護師,2026-10-07,水,15:00-15:30,15:00,15:30,勤務,30,0,False,False
S01,山田花子,保育士,2026-10-08,木,13:30-14:00,13:30,14:00,勤務,30,0,False,False
S01,山田花子,保育士,2026-10-08,木,14:00-14:30,14:00,14:30,勤務,30,0,False,False
S01,山田花子,保育士,2026-10-08,木,14:30-15:00,14:30,15:00,勤務,30,0,False,False
S01,山田花子,保育士,2026-10-08,木,15:00-15:30,15:00,15:30,休憩,0,30,False,False
S01,山田花子,保育士,2026-10-08,木,15:30-16:00,15:30,16:00,勤務,30,0,False,False
S01,山田花子,保育士,2026-10-08,木,16:00-16:30,16:00,16:30,勤務,30,0,False,False
S01,山田花子,保育士,2026-10-08,木,16:30-17:00,16:30,17:00,勤務,30,0,False,False
S01,山田花子,保育士,2026-10-08,木,17:00-17:30,17:00,17:30,勤務,30,0,False,False
S02,佐藤健太郎,保育士,2026-10-08,木,08:00-08:30,08:00,08:30,勤務,30,0,False,False
S02,佐藤健太郎,保育士,2026-10-08,木,08:30-09:00,08:30,09:00,勤務,30,0,False,False
S02,佐藤健太郎,保育士,2026-10-08,木,09:00-09:30,09:00,09:30,勤務,30,0,False,False
S02,佐藤健太郎,保育士,2026-10-08,木,09:30-10:00,09:30,10:00,休憩,0,30,False,False
S02,佐藤健太郎,保育士,2026-10-08,木,10:00-10:30,10:00,10:30,休憩,0,30,False,False
S02,佐藤健太郎,保育士,2026-10-08,木,10:30-11:00,10:30,11:00,休憩,0,30,False,False
S02,佐藤健太郎,保育士,2026-10-08,木,11:00-11:30,11:00,11:30,勤務,30,0,False,False
S02,佐藤健太郎,保育士,2026-10-08,木,13:30-14:00,13:30,14:00,勤務,30,0,False,False
S02,佐藤健太郎,保育士,2026-10-08,木,14:00-14:30,14:00,14:30,勤務,30,0,False,False
S02,佐藤健太郎,保育士,2026-10-08,木,14:30-15:00,14:30,15:00,勤務,30,0,False,False
S02,佐藤健太郎,保育士,2026-10-08,木,15:00-15:30,15:00,15:30,勤務,30,0,False,False
S02,佐藤健太郎,保育士,2026-10-08,木,15:30-16:00,15:30,16:00,勤務,30,0,False,False
S02,佐藤健太郎,保育士,2026-10-08,木,16:00-16:30,16:00,16:30,勤務,30,0,False,False
S02,佐藤健太郎,保育士,2026-10-08,木,16:30-17:00,16:30,17:00,勤務,30,0,False,False
S03,鈴木由美,保育士,2026-10-08,木,07:00-07:30,07:00,07:30,勤務,30,0,True,False
S03,鈴木由美,保育士,2026-10-08,木,07:30-08:00,07:30,08:00,勤務,30,0,False,False
S03,鈴木由美,保育士,2026-10-08,木,08:00-08:30,08:00,08:30,勤務,30,0,False,False
S03,鈴木由美,保育士,2026-10-08,木,08:30-09:00,08:30,09:00,勤務,30,0,False,False
S03,鈴木由美,保育士,2026-10-08,木,12:00-12:30,12:00,12:30,勤務,30,0,False,False
S03,鈴木由美,保育士,2026-10-08,木,12:30-13:00,12:30,13:00,勤務,30,0,False,False
S03,鈴木由美,保育士,2026-10-08,木,13:00-13:30,13:00,13:30,休憩,0,30,False,False
S03,鈴木由美,保育士,2026-10-08,木,13:30-14:00,13:30,14:00,休憩,0,30,False,False
S03,鈴木由美,保育士,2026-10-08,木,14:00-14:30,14:00,14:30,勤務,30,0,False,False
S03,鈴木由美,保育士,2026-10-08,木,14:30-15:00,14:30,15:00,勤務,30,0,False,False
S03,鈴木由美,保育士,2026-10-08,木,15:00-15:30,15:00,15:30,勤務,30,0,False,False
S03,鈴木由美,保育士,2026-10-08,木,15:30-16:00,15:30,16:00,勤務,30,0,False,False
S03,鈴木由美,保育士,2026-10-08,木,16:00-16:30,16:00,16:30,勤務,30,0,False,False
S03,鈴木由美,保育士,2026-10-08,木,16:30-17:00,16:30,17:00,勤務,30,0,False,False
S03,鈴木由美,保育士,2026-10-08,木,17:00-17:30,17:00,17:30,勤務,30,0,False,False
S04,高橋美咲,保育士,2026-10-08,木,08:30-09:00,08:30,09:00,勤務,30,0,False,False
S04,高橋美咲,保育士,2026-10-08,木,09:00-09:30,09:00,09:30,勤務,30,0,False,False
S04,高橋美咲,保育士,2026-10-08,木,09:30-10:00,09:30,10:00,勤務,30,0,False,False
S04,高橋美咲,保育士,2026-10-08,木,10:00-10:30,10:00,10:30,休憩,0,30,False,False
S04,高橋美咲,保育士,2026-10-08,木,10:30-11:00,10:30,11:00,休憩,0,30,False,False
S04,高橋美咲,保育士,2026-10-08,木,11:00-11:30,11:00,11:30,勤務,30,0,False,False
S04,高橋美咲,保育士,2026-10-08,木,11:30-12:00,11:30,12:00,勤務,30,0,False,False
S04,高橋美咲,保育士,2026-10-08,木,12:00-12:30,12:00,12:30,勤務,30,0,False,False
S04,高橋美咲,保育士,2026-10-08,木,12:30-13:00,12:30,13:00,勤務,30,0,False,False
S04,高橋美咲,保育士,2026-10-08,木,13:00-13:30,13:00,13:30,勤務,30,0,False,False
S04,高橋美咲,保育士,2026-10-08,木,13:30-14:00,13:30,14:00,勤務,30,0,False,False
S04,高橋美咲,保育士,2026-10-08,木,14:00-14:30,14:00,14:30,勤務,30,0,False,False
S04,高橋美咲,保育士,2026-10-08,木,14:30-15:00,14:30,15:00,勤務,30,0,False,False
S04,高橋美咲,保育士,2026-10-08,木,15:00-15:30,15:00,15:30,勤務,30,0,False,False
S05,伊藤大輔,保育士,2026-10-08,木,14:00-14:30,14:00,14:30,勤務,30,0,False,False
S05,伊藤大輔,保育士,2026-10-08,木,14:30-15:00,14:30,15:00,勤務,30,0,False,False
S05,伊藤大輔,保育士,2026-10-08,木,15:00-15:30,15:00,15:30,勤務,30,0,False,False
S05,伊藤大輔,保育士,2026-10-08,木,15:30-16:00,15:30,16:00,勤務,30,0,False,False
S05,伊藤大輔,保育士,2026-10-08,木,16:00-16:30,16:00,16:30,勤務,30,0,False,False
S05,伊藤大輔,保育士,2026-10-08,木,16:30-17:00,16:30,17:00,勤務,30,0,False,False
S05,伊藤大輔,保育士,2026-10-08,木,17:00-17:30,17:00,17:30,休憩,0,30,False,False
S05,伊藤大輔,保育士,2026-10-08,木,17:30-18:00,17:30,18:00,休憩,0,30,False,False
S05,伊藤大輔,保育士,2026-10-08,木,18:00-18:30,18:00,18:30,勤務,30,0,False,True
S05,伊藤大輔,保育士,2026-10-08,木,18:30-19:00,18:30,19:00,勤務,30,0,False,True
S05,伊藤大輔,保育士,2026-10-08,木,19:00-19:30,19:00,19:30,勤務,30,0,False,True
S06,渡辺直子,保育士,2026-10-08,木,10:30-11:00,10:30,11:00,勤務,30,0,False,False
S06,渡辺直子,保育士,2026-10-08,木,11:00-11:30,11:00,11:30,勤務,30,0,False,False
S06,渡辺直子,保育士,2026-10-08,木,11:30-12:00,11:30,12:00,勤務,30,0,False,False
S06,渡辺直子,保育士,2026-10-08,木,12:00-12:30,12:00,12:30,休憩,0,30,False,False
S06,渡辺直子,保育士,2026-10-08,木,12:30-13:00,12:30,13:00,休憩,0,30,False,False
S06,渡辺直子,保育士,2026-10-08,木,13:00-13:30,13:00,13:30,休憩,0,30,False,False
S06,渡辺直子,保育士,2026-10-08,木,13:30-14:00,13:30,14:00,休憩,0,30,False,False
S06,渡辺直子,保育士,2026-10-08,木,14:00-14:30,14:00,14:30,休憩,0,30,False,False
S06,渡辺直子,保育士,2026-10-08,木,14:30-15:00,14:30,15:00,休憩,0,30,False,False
S06,渡辺直子,保育士,2026-10-08,木,15:00-15:30,15:00,15:30,休憩,0,30,False,False
S06,渡辺直子,保育士,2026-10-08,木,15:30-16:00,15:30,16:00,休憩,0,30,False,False
S06,渡辺直子,保育士,2026-10-08,木,16:00-16:30,16:00,16:30,休憩,0,30,False,False
S06,渡辺直子,保育士,2026-10-08,木,16:30-17:00,16:30,17:00,休憩,0,30,False,False
S06,渡辺直子,保育士,2026-10-08,木,17:00-17:30,17:00,17:30,勤務,30,0,False,False
S06,渡辺直子,保育士,2026-10-08,木,17:30-18:00,17:30,18:00,勤務,30,0,False,False
S08,中村拓也,保育士,2026-10-08,木,13:00-13:30,13:00,13:30,勤務,30,0,False,False
S08,中村拓也,保育士,2026-10-08,木,13:30-14:00,13:30,14:00,勤務,30,0,False,False
S08,中村拓也,保育士,2026-10-08,木,14:00-14:30,14:00,14:30,休憩,0,30,False,False
S08,中村拓也,保育士,2026-10-08,木,14:30-15:00,14:30,15:00,休憩,0,30,False,False
S09,小林麻衣,保育士,2026-10-08,木,09:30-10:00,09:30,10:00,勤務,30,0,False,False
S09,小林麻衣,保育士,2026-10-08,木,10:00-10:30,10:00,10:30,勤務,30,0,False,False
S09,小林麻衣,保育士,2026-10-08,木,10:30-11:00,10:30,11:00,勤務,30,0,False,False
S09,小林麻衣,保育士,2026-10-08,木,11:00-11:30,11:00,11:30,勤務,30,0,False,False
S09,小林麻衣,保育士,2026-10-08,木,11:30-12:00,11:30,12:00,勤務,30,0,False,False
S09,小林麻衣,保育士,2026-10-08,木,12:00-12:30,12:00,12:30,休憩,0,30,False,False
S09,小林麻衣,保育士,2026-10-08,木,12:30-13:00,12:30,13:00,休憩,0,30,False,False
S09,小林麻衣,保育士,2026-10-08,木,13:00-13:30,13:00,13:30,勤務,30,0,False,False
S09,小林麻衣,保育士,2026-10-08,木,13:30-14:00,13:30,14:00,勤務,30,0,False,False
S10,加藤裕太,保育士,2026-10-08,木,09:30-10:00,09:30,10:00,勤務,30,0,False,False
S10,加藤裕太,保育士,2026-10-08,木,10:00-10:30,10:00,10:30,勤務,30,0,False,False
S10,加藤裕太,保育士,2026-10-08,木,10:30-11:00,10:30,11:00,勤務,30,0,False,False
S11,吉田千尋,保育士,2026-10-08,木,08:00-08:30,08:00,08:30,勤務,30,0,False,False
S11,吉田千尋,保育士,2026-10-08,木,08:30-09:00,08:30,09:00,勤務,30,0,False,False
S11,吉田千尋,保育士,2026-10-08,木,09:00-09:30,09:00,09:30,勤務,30,0,False,False
S11,吉田千尋,保育士,2026-10-08,木,09:30-10:00,09:30,10:00,勤務,30,0,False,False
S11,吉田千尋,保育士,2026-10-08,木,10:00-10:30,10:00,10:30,勤務,30,0,False,False
S11,吉田千尋,保育士,2026-10-08,木,10:30-11:00,10:30,11:00,休憩,0,30,False,False
S11,吉田千尋,保育士,2026-10-08,木,11:00-11:30,11:00,11:30,休憩,0,30,False,False
S11,吉田千尋,保育士,2026-10-08,木,11:30-12:00,11:30,12:00,休憩,0,30,False,False
S13,松本陽菜,保育士,2026-10-08,木,08:00-08:30,08:00,08:30,勤務,30,0,False,False
S13,松本陽菜,保育士,2026-10-08,木,08:30-09:00,08:30,09:00,勤務,30,0,False,False
S13,松本陽菜,保育士,2026-10-08,木,09:00-09:30,09:00,09:30,勤務,30,0,False,False
S13,松本陽菜,保育士,2026-10-08,木,09:30-10:00,09:30,10:00,勤務,30,0,False,False
S13,松本陽菜,保育士,2026-10-08,木,10:00-10:30,10:00,10:30,勤務,30,0,False,False
S13,松本陽菜,保育士,2026-10-08,木,10:30-11:00,10:30,11:00,勤務,30,0,False,False
S13,松本陽菜,保育士,2026-10-08,木,11:00-11:30,11:00,11:30,休憩,0,30,False,False
S15,木村明日香,保育士,2026-10-08,木,12:30-13:00,12:30,13:00,勤務,30,0,False,False
S15,木村明日香,保育士,2026-10-08,木,13:00-13:30,13:00,13:30,勤務,30,0,False,False
S16,林大樹,保育士,2026-10-08,木,11:00-11:30,11:00,11:30,勤務,30,0,False,False
S16,林大樹,保育士,2026-10-08,木,11:30-12:00,11:30,12:00,勤務,30,0,False,False
S16,林大樹,保育士,2026-10-08,木,12:00-12:30,12:00,12:30,勤務,30,0,False,False
S17,藤田美月,保育士,2026-10-08,木,16:30-17:00,16:30,17:00,勤務,30,0,False,False
S17,藤田美月,保育士,2026-10-08,木,17:00-17:30,17:00,17:30,勤務,30,0,False,False
S17,藤田美月,保育士,2026-10-08,木,17:30-18:00,17:30,18:00,勤務,30,0,False,False
S17,藤田美月,保育士,2026-10-08,木,18:00-18:30,18:00,18:30,勤務,30,0,False,True
S18,岡田翔太,保育士,2026-10-08,木,12:00-12:30,12:00,12:30,勤務,30,0,False,False
S18,岡田翔太,保育士,2026-10-08,木,12:30-13:00,12:30,13:00,勤務,30,0,False,False
S18,岡田翔太,保育士,2026-10-08,木,13:00-13:30,13:00,13:30,勤務,30,0,False,False
S20,浜田大輝,子育て支援員,2026-10-08,木,07:00-07:30,07:00,07:30,勤務,30,0,True,False
S20,浜田大輝,子育て支援員,2026-10-08,木,07:30-08:00,07:30,08:00,休憩,0,30,False,False
S20,浜田大輝,子育て支援員,2026-10-08,木,08:00-08:30,08:00,08:30,休憩,0,30,False,False
S20,浜田大輝,子育て支援員,2026-10-08,木,08:30-09:00,08:30,09:00,休憩,0,30,False,False
S20,浜田大輝,子育て支援員,2026-10-08,木,09:00-09:30,09:00,09:30,休憩,0,30,False,False
S20,浜田大輝,子育て支援員,2026-10-08,木,09:30-10:00,09:30,10:00,休憩,0,30,False,False
S20,浜田大輝,子育て支援員,2026-10-08,木,10:00-10:30,10:00,10:30,休憩,0,30,False,False
S20,浜田大輝,子育て支援員,2026-10-08,木,10:30-11:00,10:30,11:00,休憩,0,30,False,False
S20,浜田大輝,子育て支援員,2026-10-08,木,11:00-11:30,11:00,11:30,休憩,0,30,False,False
S20,浜田大輝,子育て支援員,2026-10-08,木,11:30-12:00,11:30,12:00,休憩,0,30,False,False
S20,浜田大輝,子育て支援員,2026-10-08,木,12:00-12:30,12:00,12:30,休憩,0,30,False,False
S20,浜田大輝,子育て支援員,2026-10-08,木,12:30-13:00,12:30,13:00,休憩,0,30,False,False
S20,浜田大輝,子育て支援員,2026-10-08,木,13:00-13:30,13:00,13:30,休憩,0,30,False,False
S20,浜田大輝,子育て支援員,2026-10-08,木,13:30-14:00,13:30,14:00,休憩,0,30,False,False
S20,浜田大輝,子育て支援員,2026-10-08,木,14:00-14:30,14:00,14:30,休憩,0,30,False,False
S20,浜田大輝,子育て支援員,2026-10-08,木,14:30-15:00,14:30,15:00,休憩,0,30,False,False
S21,西村あかり,子育て支援員,2026-10-08,木,17:00-17:30,17:00,17:30,勤務,30,0,False,False
S21,西村あかり,子育て支援員,2026-10-08,木,17:30-18:00,17:30,18:00,勤務,30,0,False,False
S21,西村あかり,子育て支援員,2026-10-08,木,18:00-18:30,18:00,18:30,勤務,30,0,False,True
S21,西村あかり,子育て支援員,2026-10-08,木,18:30-19:00,18:30,19:00,勤務,30,0,False,True
S21,西村あかり,子育て支援員,2026-10-08,木,19:00-19:30,19:00,19:30,勤務,30,0,False,True
S25,森本大輝,幼稚園教諭,2026-10-08,木,07:30-08:00,07:30,08:00,勤務,30,0,False,False
S25,森本大輝,幼稚園教諭,2026-10-08,木,08:00-08:30,08:00,08:30,勤務,30,0,False,False
S25,森本大輝,幼稚園教諭,2026-10-08,木,08:30-09:00,08:30,09:00,勤務,30,0,False,False
S25,森本大輝,幼稚園教諭,2026-10-08,木,09:00-09:30,09:00,09:30,勤務,30,0,False,False
S25,森本大輝,幼稚園教諭,2026-10-08,木,09:30-10:00,09:30,10:00,休憩,0,30,False,False
S25,森本大輝,幼稚園教諭,2026-10-08,木,10:00-10:30,10:00,10:30,勤務,30,0,False,False
S25,森本大輝,幼稚園教諭,2026-10-08,木,10:30-11:00,10:30,11:00,勤務,30,0,False,False
S25,森本大輝,幼稚園教諭,2026-10-08,木,11:00-11:30,11:00,11:30,勤務,30,0,False,False
S25,森本大輝,幼稚園教諭,2026-10-08,木,11:30-12:00,11:30,12:00,勤務,30,0,False,False
S25,森本大輝,幼稚園教諭,2026-10-08,木,12:00-12:30,12:00,12:30,勤務,30,0,False,False
S25,森本大輝,幼稚園教諭,2026-10-08,木,12:30-13:00,12:30,13:00,勤務,30,0,False,False
S25,森本大輝,幼稚園教諭,2026-10-08,木,13:00-13:30,13:00,13:30,勤務,30,0,False,False
S25,森本大輝,幼稚園教諭,2026-10-08,木,13:30-14:00,13:30,14:00,勤務,30,0,False,False
S25,森本大輝,幼稚園教諭,2026-10-08,木,14:00-14:30,14:00,14:30,勤務,30,0,False,False
S25,森本大輝,幼稚園教諭,2026-10-08,木,14:30-15:00,14:30,15:00,勤務,30,0,False,False
S25,森本大輝,幼稚園教諭,2026-10-08,木,15:00-15:30,15:00,15:30,勤務,30,0,False,False
S25,森本大輝,幼稚園教諭,2026-10-08,木,15:30-16:00,15:30,16:00,勤務,30,0,False,False
S25,森本大輝,幼稚園教諭,2026-10-08,木,16:00-16:30,16:00,16:30,勤務,30,0,False,False
S26,池田彩乃,看護師,2026-10-08,木,09:00-09:30,09:00,09:30,勤務,30,0,False,False
S26,池田彩乃,看護師,2026-10-08,木,09:30-10:00,09:30,10:00,勤務,30,0,False,False
S26,池田彩乃,看護師,2026-10-08,木,10:00-10:30,10:00,10:30,勤務,30,0,False,False
S26,池田彩乃,看護師,2026-10-08,木,10:30-11:00,10:30,11:00,勤務,30,0,False,False
S26,池田彩乃,看護師,2026-10-08,木,11:00-11:30,11:00,11:30,休憩,0,30,False,False
S26,池田彩乃,看護師,2026-10-08,木,11:30-12:00,11:30,12:00,勤務,30,0,False,False
S26,池田彩乃,看護師,2026-10-08,木,12:00-12:30,12:00,12:30,勤務,30,0,False,False
S26,池田彩乃,看護師,2026-10-08,木,12:30-13:00,12:30,13:00,勤務,30,0,False,False
