日付,曜日,職員ID,07:00-07:30,07:30-08:00,08:00-08:30,08:30-09:00,09:00-09:30,09:30-10:00,10:00-10:30,10:30-11:00,11:00-11:30,11:30-12:00,12:00-12:30,12:30-13:00,13:00-13:30,13:30-14:00,14:00-14:30,14:30-15:00,15:00-15:30,15:30-16:00,16:00-16:30,16:30-17:00,17:00-17:30,17:30-18:00,18:00-18:30,18:30-19:00,19:00-19:30
2026-10-02,金,S01,オフ,オフ,オフ,オフ,オフ,オフ,オフ,オフ,オフ,勤務,勤務,休憩,休憩,休憩,休憩,勤務,勤務,勤務,勤務,勤務,勤務,勤務,勤務,勤務,勤務
2026-10-02,金,S02,オフ,オフ,オフ,オフ,オフ,オフ,オフ,オフ,オフ,オフ,勤務,勤務,勤務,勤務,勤務,勤務,勤務,休憩,勤務,勤務,オフ,オフ,オフ,オフ,オフ
2026-10-02,金,S03,オフ,オフ,オフ,オフ,オフ,オフ,勤務,勤務,勤務,休憩,休憩,オフ,オフ,オフ,オフ,オフ,オフ,オフ,オフ,オフ,オフ,オフ,オフ,オフ,オフ
2026-10-02,金,S04,休憩,休憩,休憩,オフ,オフ,勤務,勤務,勤務,勤務,勤務,勤務,勤務,勤務,勤務,勤務,オフ,オフ,オフ,オフ,オフ,オフ,オフ,オフ,オフ,オフ
2026-10-02,金,S05,オフ,オフ,オフ,オフ,オフ,オフ,オフ,勤務,休憩,勤務,勤務,勤務,勤務,オフ,オフ,オフ,オフ,オフ,オフ,オフ,オフ,オフ,オフ,オフ,オフ
2026-10-02,金,S06,オフ,オフ,オフ,勤務,勤務,休憩,勤務,勤務,勤務,勤務,勤務,オフ,オフ,オフ,オフ,オフ,オフ,オフ,オフ,オフ,オフ,オフ,オフ,オフ,オフ
2026-10-02,金,S07,オフ,オフ,オフ,オフ,オフ,オフ,オフ,オフ,勤務,勤務,勤務,勤務,勤務,勤務,勤務,勤務,勤務,休憩,休憩,休憩,勤務,勤務,オフ,オフ,オフ
2026-10-02,金,S08,オフ,オフ,オフ,オフ,オフ,オフ,オフ,オフ,オフ,オフ,オフ,オフ,オフ,オフ,勤務,勤務,勤務,勤務,勤務,休憩,休憩,勤務,オフ,オフ,オフ
2026-10-02,金,S09,オフ,オフ,オフ,オフ,オフ,オフ,オフ,オフ,オフ,オフ,オフ,オフ,オフ,オフ,オフ,オフ,オフ,勤務,休憩,勤務,勤務,勤務,勤務,オフ,オフ
2026-10-02,金,S10,オフ,オフ,オフ,オフ,オフ,オフ,勤務,勤務,勤務,オフ,オフ,オフ,オフ,オフ,オフ,オフ,オフ,オフ,オフ,オフ,オフ,オフ,オフ,オフ,オフ
2026-10-02,金,S11,オフ,オフ,オフ,オフ,オフ,オフ,オフ,オフ,オフ,オフ,オフ,オフ,オフ,オフ,オフ,オフ,オフ,オフ,オフ,オフ,オフ,オフ,オフ,オフ,オフ
2026-10-02,金,S12,オフ,オフ,オフ,オフ,オフ,勤務,休憩,勤務,勤務,オフ,オフ,オフ,オフ,オフ,オフ,オフ,オフ,オフ,オフ,オフ,オフ,オフ,オフ,オフ,オフ
2026-10-02,金,S13,オフ,オフ,オフ,オフ,オフ,オフ,勤務,休憩,休憩,休憩,休憩,勤務,勤務,勤務,勤務,オフ,オフ,オフ,オフ,オフ,オフ,オフ,オフ,オフ,オフ
2026-10-02,金,S14,オフ,オフ,オフ,勤務,勤務,勤務,勤務,休憩,休憩,休憩,休憩,休憩,休憩,休憩,休憩,休憩,勤務,オフ,オフ,オフ,オフ,オフ,オフ,オフ,オフ
2026-10-02,金,S15,オフ,オフ,オフ,オフ,勤務,勤務,オフ,オフ,オフ,オフ,オフ,オフ,オフ,オフ,オフ,オフ,オフ,オフ,オフ,オフ,オフ,オフ,オフ,オフ,オフ
2026-10-02,金,S16,勤務,勤務,勤務,勤務,勤務,休憩,休憩,休憩,休憩,勤務,勤務,勤務,勤務,勤務,オフ,オフ,オフ,オフ,オフ,オフ,オフ,オフ,オフ,オフ,オフ
2026-10-02,金,S17,オフ,オフ,オフ,オフ,オフ,オフ,オフ,オフ,オフ,オフ,オフ,オフ,オフ,オフ,オフ,オフ,オフ,オフ,オフ,オフ,オフ,オフ,オフ,オフ,オフ
2026-10-02,金,S18,オフ,オフ,オフ,オフ,オフ,オフ,オフ,オフ,オフ,オフ,オフ,オフ,オフ,オフ,オフ,オフ,オフ,オフ,オフ,オフ,オフ,オフ,オフ,オフ,オフ
2026-10-02,金,S19,オフ,オフ,オフ,オフ,オフ,オフ,オフ,オフ,オフ,オフ,オフ,オフ,オフ,オフ,オフ,オフ,オフ,オフ,オフ,オフ,オフ,オフ,オフ,オフ,オフ
2026-10-02,金,S20,勤務,勤務,休憩,休憩,休憩,休憩,休憩,オフ,オフ,オフ,オフ,オフ,オフ,オフ,オフ,オフ,オフ,オフ,オフ,オフ,オフ,オフ,オフ,オフ,オフ
2026-10-02,金,S21,オフ,オフ,オフ,オフ,オフ,オフ,オフ,オフ,オフ,オフ,オフ,オフ,オフ,オフ,オフ,オフ,オフ,オフ,オフ,オフ,勤務,勤務,休憩,休憩,勤務
2026-10-02,金,S22,オフ,オフ,オフ,オフ,オフ,オフ,オフ,オフ,オフ,オフ,オフ,オフ,オフ,オフ,オフ,オフ,オフ,オフ,オフ,オフ,オフ,オフ,オフ,オフ,オフ
2026-10-02,金,S23,オフ,オフ,オフ,オフ,オフ,オフ,オフ,オフ,オフ,オフ,オフ,オフ,オフ,オフ,オフ,オフ,オフ,オフ,オフ,オフ,オフ,オフ,オフ,オフ,オフ
2026-10-02,金,S24,オフ,オフ,オフ,勤務,勤務,勤務,休憩,休憩,オフ,オフ,オフ,オフ,オフ,オフ,オフ,オフ,オフ,オフ,オフ,オフ,オフ,オフ,オフ,オフ,オフ
2026-10-02,金,S25,オフ,オフ,勤務,勤務,勤務,勤務,休憩,休憩,オフ,オフ,オフ,オフ,オフ,オフ,オフ,オフ,勤務,勤務,勤務,勤務,勤務,勤務,勤務,勤務,オフ
2026-10-02,金,S26,オフ,オフ,オフ,オフ,オフ,オフ,オフ,オフ,オフ,オフ,オフ,オフ,オフ,勤務,勤務,勤務,勤務,勤務,勤務,勤務,勤務,休憩,勤務,勤務,オフ
2026-10-02,金,S27,オフ,オフ,オフ,オフ,オフ,オフ,オフ,オフ,オフ,オフ,オフ,オフ,オフ,オフ,オフ,オフ,オフ,オフ,オフ,オフ,オフ,オフ,オフ,オフ,オフ
2026-10-02,金,S28,オフ,オフ,オフ,オフ,オフ,オフ,オフ,オフ,オフ,オフ,オフ,オフ,オフ,オフ,オフ,オフ,オフ,オフ,オフ,オフ,オフ,オフ,オフ,オフ,オフ
2026-10-03,土,S01,オフ,オフ,勤務,勤務,勤務,休憩,休憩,休憩,休憩,休憩,休憩,勤務,オフ,オフ,オフ,オフ,オフ,オフ,オフ,オフ,オフ,オフ,オフ,オフ,オフ
2026-10-03,土,S02,オフ,オフ,オフ,勤務,勤務,勤務,勤務,勤務,勤務,勤務,勤務,勤務,休憩,休憩,休憩,休憩,勤務,勤務,勤務,勤務,オフ,オフ,勤務,オフ,オフ
2026-10-03,土,S03,オフ,オフ,オフ,勤務,休憩,休憩,勤務,勤務,勤務,勤務,勤務,勤務,勤務,勤務,勤務,勤務,勤務,オフ,オフ,オフ,オフ,オフ,オフ,オフ,オフ
2026-10-03,土,S04,オフ,オフ,オフ,オフ,オフ,勤務,勤務,勤務,勤務,勤務,勤務,休憩,休憩,休憩,休憩,休憩,休憩,休憩,休憩,勤務,勤務,勤務,勤務,勤務,勤務
2026-10-03,土,S05,オフ,オフ,オフ,オフ,オフ,オフ,オフ,勤務,勤務,勤務,勤務,勤務,勤務,勤務,勤務,休憩,休憩,勤務,勤務,勤務,オフ,オフ,オフ,オフ,オフ
2026-10-03,土,S06,オフ,オフ,勤務,勤務,勤務,勤務,勤務,勤務,勤務,勤務,勤務,勤務,勤務,休憩,休憩,オフ,オフ,オフ,オフ,オフ,オフ,オフ,オフ,オフ,オフ
2026-10-03,土,S07,オフ,オフ,オフ,オフ,オフ,オフ,オフ,オフ,オフ,オフ,オフ,オフ,オフ,オフ,オフ,オフ,オフ,オフ,オフ,オフ,オフ,オフ,オフ,オフ,オフ
2026-10-03,土,S08,オフ,オフ,オフ,オフ,オフ,オフ,オフ,オフ,オフ,オフ,オフ,オフ,オフ,オフ,オフ,オフ,オフ,オフ,オフ,オフ,オフ,オフ,オフ,オフ,オフ
2026-10-03,土,S09,オフ,勤務,休憩,休憩,休憩,オフ,オフ,オフ,オフ,オフ,オフ,オフ,オフ,オフ,オフ,オフ,オフ,オフ,オフ,オフ,オフ,オフ,オフ,オフ,オフ
2026-10-03,土,S10,オフ,勤務,休憩,休憩,休憩,休憩,休憩,休憩,休憩,休憩,休憩,休憩,休憩,休憩,休憩,休憩,休憩,休憩,休憩,休憩,休憩,休憩,休憩,勤務,勤務
2026-10-03,土,S11,オフ,オフ,オフ,オフ,オフ,オフ,オフ,オフ,オフ,オフ,オフ,オフ,オフ,オフ,オフ,オフ,オフ,オフ,オフ,オフ,オフ,オフ,オフ,オフ,オフ
2026-10-03,土,S12,オフ,オフ,オフ,オフ,オフ,オフ,オフ,オフ,オフ,オフ,オフ,オフ,オフ,オフ,オフ,オフ,オフ,オフ,オフ,オフ,オフ,オフ,オフ,オフ,オフ
2026-10-03,土,S13,オフ,オフ,オフ,オフ,オフ,オフ,オフ,オフ,オフ,オフ,オフ,オフ,オフ,オフ,オフ,オフ,オフ,オフ,オフ,オフ,オフ,オフ,オフ,オフ,オフ
2026-10-03,土,S14,オフ,オフ,オフ,オフ,オフ,オフ,オフ,オフ,オフ,オフ,オフ,オフ,オフ,オフ,オフ,オフ,オフ,オフ,オフ,オフ,オフ,オフ,オフ,オフ,オフ
2026-10-03,土,S15,オフ,オフ,オフ,オフ,オフ,オフ,オフ,オフ,オフ,オフ,オフ,オフ,オフ,オフ,オフ,オフ,オフ,オフ,オフ,オフ,オフ,オフ,オフ,オフ,オフ
2026-10-03,土,S16,オフ,オフ,オフ,オフ,オフ,オフ,オフ,オフ,オフ,オフ,オフ,オフ,オフ,オフ,オフ,オフ,オフ,オフ,オフ,オフ,オフ,オフ,オフ,オフ,オフ
2026-10-03,土,S17,オフ,オフ,オフ,オフ,オフ,オフ,オフ,勤務,勤務,勤務,勤務,勤務,勤務,勤務,休憩,休憩,オフ,オフ,オフ,オフ,オフ,オフ,オフ,オフ,オフ
2026-10-03,土,S18,休憩,休憩,休憩,オフ,オフ,オフ,オフ,オフ,オフ,オフ,オフ,オフ,オフ,オフ,オフ,オフ,オフ,オフ,オフ,オフ,オフ,オフ,オフ,オフ,オフ
2026-10-03,土,S19,オフ,オフ,オフ,勤務,勤務,勤務,勤務,勤務,オフ,勤務,勤務,勤務,勤務,勤務,勤務,勤務,勤務,オフ,オフ,オフ,オフ,オフ,オフ,オフ,オフ
2026-10-03,土,S20,オフ,オフ,オフ,勤務,勤務,勤務,勤務,勤務,勤務,勤務,勤務,勤務,休憩,休憩,勤務,オフ,オフ,オフ,オフ,オフ,オフ,オフ,オフ,オフ,オフ
2026-10-03,土,S21,オフ,オフ,オフ,オフ,勤務,勤務,オフ,オフ,オフ,オフ,オフ,勤務,勤務,勤務,勤務,勤務,休憩,休憩,休憩,勤務,オフ,オフ,オフ,オフ,オフ
2026-10-03,土,S22,オフ,オフ,オフ,オフ,勤務,勤務,勤務,勤務,勤務,勤務,勤務,勤務,勤務,休憩,休憩,オフ,オフ,オフ,オフ,オフ,オフ,オフ,オフ,オフ,オフ
2026-10-03,土,S23,オフ,オフ,オフ,オフ,オフ,勤務,勤務,勤務,勤務,勤務,休憩,休憩,休憩,勤務,勤務,勤務,勤務,勤務,オフ,オフ,勤務,勤務,オフ,オフ,オフ
2026-10-03,土,S24,オフ,オフ,オフ,勤務,休憩,休憩,勤務,勤務,勤務,勤務,勤務,勤務,勤務,オフ,オフ,オフ,オフ,オフ,オフ,オフ,オフ,オフ,オフ,オフ,オフ
2026-10-03,土,S25,オフ,オフ,オフ,勤務,勤務,勤務,勤務,勤務,勤務,休憩,休憩,勤務,勤務,勤務,勤務,勤務,勤務,勤務,勤務,勤務,オフ,オフ,オフ,オフ,オフ
2026-10-03,土,S26,オフ,オフ,オフ,勤務,勤務,勤務,勤務,勤務,勤務,勤務,休憩,休憩,休憩,オフ,オフ,オフ,オフ,オフ,オフ,オフ,オフ,オフ,オフ,オフ,オフ
2026-10-03,土,S27,オフ,オフ,オフ,オフ,オフ,オフ,オフ,オフ,オフ,オフ,オフ,オフ,オフ,オフ,オフ,オフ,オフ,オフ,オフ,オフ,オフ,オフ,オフ,オフ,オフ
2026-10-03,土,S28,オフ,オフ,オフ,オフ,オフ,オフ,オフ,オフ,オフ,オフ,オフ,オフ,オフ,オフ,オフ,オフ,オフ,オフ,オフ,オフ,オフ,オフ,オフ,オフ,オフ
2026-10-05,月,S01,勤務,勤務,休憩,休憩,休憩,休憩,勤務,勤務,勤務,オフ,オフ,オフ,オフ,オフ,オフ,オフ,オフ,オフ,オフ,オフ,オフ,オフ,オフ,オフ,オフ
2026-10-05,月,S02,オフ,オフ,オフ,オフ,オフ,勤務,勤務,勤務,勤務,勤務,勤務,勤務,勤務,勤務,勤務,勤務,休憩,休憩,休憩,休憩,オフ,オフ,オフ,オフ,オフ
2026-10-05,月,S03,オフ,オフ,勤務,勤務,勤務,勤務,勤務,勤務,休憩,勤務,勤務,勤務,オフ,オフ,オフ,オフ,オフ,オフ,オフ,オフ,オフ,オフ,オフ,オフ,オフ
2026-10-05,月,S04,オフ,オフ,オフ,勤務,休憩,休憩,勤務,勤務,勤務,勤務,勤務,オフ,オフ,オフ,オフ,勤務,勤務,勤務,勤務,オフ,オフ,オフ,オフ,オフ,オフ
2026-10-05,月,S05,オフ,オフ,オフ,オフ,勤務,勤務,勤務,勤務,勤務,勤務,勤務,勤務,勤務,勤務,勤務,休憩,休憩,勤務,勤務,勤務,勤務,勤務,オフ,オフ,オフ
2026-10-05,月,S06,オフ,オフ,オフ,オフ,オフ,オフ,オフ,オフ,オフ,オフ,勤務,勤務,勤務,勤務,勤務,勤務,休憩,勤務,勤務,勤務,勤務,勤務,オフ,オフ,オフ
2026-10-05,月,S07,オフ,オフ,オフ,オフ,オフ,オフ,オフ,オフ,オフ,オフ,オフ,オフ,オフ,オフ,オフ,オフ,オフ,オフ,オフ,オフ,オフ,オフ,オフ,オフ,オフ
2026-10-05,月,S08,オフ,オフ,勤務,勤務,勤務,勤務,勤務,勤務,勤務,勤務,休憩,休憩,休憩,休憩,休憩,休憩,勤務,オフ,オフ,オフ,オフ,オフ,オフ,オフ,オフ
2026-10-05,月,S09,オフ,オフ,オフ,オフ,オフ,オフ,オフ,オフ,オフ,オフ,オフ,オフ,オフ,オフ,オフ,オフ,オフ,オフ,オフ,勤務,オフ,オフ,オフ,オフ,オフ
2026-10-05,月,S10,オフ,オフ,オフ,オフ,オフ,オフ,オフ,オフ,オフ,オフ,オフ,オフ,オフ,オフ,オフ,オフ,オフ,オフ,オフ,オフ,オフ,オフ,オフ,オフ,オフ
2026-10-05,月,S11,オフ,オフ,オフ,オフ,勤務,休憩,休憩,休憩,オフ,オフ,オフ,オフ,オフ,オフ,オフ,オフ,オフ,オフ,オフ,オフ,オフ,オフ,オフ,オフ,オフ
2026-10-05,月,S12,オフ,オフ,オフ,オフ,オフ,オフ,オフ,オフ,オフ,オフ,勤務,勤務,勤務,勤務,休憩,休憩,休憩,休憩,オフ,オフ,オフ,オフ,オフ,オフ,オフ
2026-10-05,月,S13,オフ,オフ,オフ,オフ,オフ,オフ,オフ,オフ,オフ,オフ,オフ,オフ,オフ,オフ,勤務,勤務,勤務,勤務,勤務,勤務,勤務,勤務,オフ,オフ,オフ
2026-10-05,月,S14,オフ,オフ,オフ,オフ,オフ,オフ,オフ,オフ,オフ,オフ,オフ,勤務,休憩,休憩,休憩,休憩,勤務,勤務,勤務,オフ,オフ,オフ,オフ,オフ,オフ
2026-10-05,月,S15,オフ,オフ,オフ,オフ,オフ,オフ,オフ,オフ,オフ,オフ,オフ,オフ,オフ,オフ,オフ,オフ,オフ,オフ,オフ,勤務,勤務,休憩,勤務,勤務,勤務
2026-10-05,月,S16,オフ,オフ,オフ,オフ,オフ,オフ,オフ,オフ,オフ,オフ,オフ,オフ,オフ,オフ,オフ,オフ,オフ,オフ,オフ,オフ,勤務,勤務,勤務,勤務,勤務
2026-10-05,月,S17,オフ,オフ,オフ,オフ,オフ,オフ,オフ,オフ,オフ,オフ,オフ,オフ,オフ,オフ,オフ,オフ,オフ,オフ,オフ,オフ,オフ,オフ,オフ,オフ,オフ
2026-10-05,月,S18,オフ,オフ,オフ,勤務,勤務,勤務,休憩,休憩,オフ,オフ,オフ,オフ,オフ,オフ,オフ,オフ,オフ,オフ,オフ,オフ,オフ,オフ,オフ,オフ,オフ
2026-10-05,月,S19,オフ,オフ,オフ,オフ,オフ,オフ,オフ,オフ,オフ,オフ,オフ,オフ,オフ,オフ,オフ,オフ,オフ,オフ,オフ,オフ,オフ,オフ,オフ,オフ,オフ
2026-10-05,月,S20,オフ,オフ,オフ,オフ,オフ,オフ,オフ,オフ,オフ,オフ,オフ,オフ,オフ,オフ,オフ,オフ,オフ,オフ,オフ,オフ,オフ,オフ,オフ,オフ,オフ
2026-10-05,月,S21,オフ,オフ,オフ,オフ,オフ,オフ,オフ,オフ,オフ,オフ,オフ,オフ,オフ,オフ,オフ,オフ,オフ,オフ,オフ,オフ,オフ,オフ,オフ,オフ,オフ
2026-10-05,月,S22,オフ,オフ,オフ,オフ,オフ,オフ,オフ,オフ,オフ,オフ,オフ,オフ,勤務,勤務,勤務,休憩,休憩,休憩,休憩,休憩,休憩,休憩,勤務,オフ,オフ
2026-10-05,月,S23,オフ,オフ,オフ,オフ,オフ,オフ,オフ,オフ,オフ,オフ,オフ,オフ,オフ,オフ,オフ,オフ,オフ,オフ,オフ,オフ,オフ,オフ,オフ,オフ,オフ
2026-10-05,月,S24,オフ,オフ,オフ,オフ,オフ,オフ,オフ,オフ,オフ,オフ,オフ,オフ,オフ,オフ,オフ,オフ,オフ,オフ,オフ,オフ,オフ,オフ,勤務,勤務,オフ
2026-10-05,月,S25,オフ,オフ,オフ,オフ,オフ,オフ,オフ,オフ,勤務,勤務,勤務,休憩,勤務,オフ,オフ,オフ,オフ,オフ,オフ,オフ,オフ,オフ,オフ,オフ,オフ
2026-10-05,月,S26,勤務,勤務,勤務,勤務,勤務,勤務,休憩,休憩,オフ,オフ,オフ,オフ,勤務,勤務,勤務,勤務,勤務,オフ,オフ,オフ,オフ,オフ,オフ,オフ,オフ
2026-10-05,月,S27,オフ,オフ,オフ,オフ,オフ,オフ,オフ,オフ,オフ,オフ,オフ,オフ,オフ,オフ,オフ,オフ,オフ,オフ,オフ,オフ,オフ,オフ,オフ,オフ,オフ
2026-10-05,月,S28,オフ,オフ,オフ,オフ,オフ,オフ,オフ,オフ,オフ,オフ,オフ,オフ,オフ,オフ,オフ,オフ,オフ,オフ,オフ,オフ,オフ,オフ,オフ,オフ,オフ
2026-10-06,火,S01,オフ,オフ,オフ,勤務,勤務,勤務,勤務,勤務,勤務,勤務,勤務,休憩,休憩,勤務,勤務,勤務,勤務,勤務,オフ,オフ,オフ,オフ,オフ,オフ,オフ
2026-10-06,火,S02,オフ,オフ,オフ,オフ,勤務,勤務,勤務,休憩,勤務,勤務,勤務,オフ,オフ,オフ,オフ,オフ,オフ,オフ,オフ,オフ,オフ,オフ,オフ,オフ,オフ
2026-10-06,火,S03,オフ,オフ,オフ,オフ,オフ,勤務,勤務,勤務,休憩,休憩,勤務,勤務,オフ,オフ,勤務,オフ,オフ,オフ,勤務,勤務,勤務,勤務,勤務,勤務,勤務
2026-10-06,火,S04,勤務,勤務,勤務,勤務,勤務,勤務,休憩,オフ,オフ,オフ,オフ,オフ,オフ,オフ,オフ,オフ,オフ,オフ,オフ,オフ,オフ,オフ,オフ,オフ,オフ
2026-10-06,火,S05,オフ,オフ,オフ,勤務,勤務,勤務,勤務,勤務,勤務,勤務,休憩,オフ,オフ,オフ,オフ,オフ,オフ,オフ,オフ,オフ,オフ,オフ,オフ,オフ,オフ
2026-10-06,火,S06,オフ,オフ,オフ,オフ,オフ,オフ,オフ,オフ,オフ,勤務,勤務,勤務,勤務,勤務,休憩,勤務,勤務,勤務,勤務,勤務,勤務,勤務,勤務,オフ,オフ
2026-10-06,火,S07,オフ,オフ,勤務,勤務,休憩,休憩,休憩,休憩,休憩,休憩,休憩,休憩,勤務,オフ,オフ,オフ,オフ,オフ,オフ,オフ,オフ,オフ,オフ,オフ,オフ
2026-10-06,火,S08,オフ,オフ,オフ,オフ,オフ,オフ,オフ,勤務,勤務,オフ,オフ,オフ,オフ,オフ,オフ,オフ,オフ,オフ,オフ,オフ,オフ,オフ,オフ,オフ,オフ
2026-10-06,火,S09,オフ,オフ,オフ,勤務,勤務,休憩,休憩,休憩,勤務,オフ,オフ,オフ,オフ,オフ,オフ,オフ,オフ,オフ,オフ,オフ,オフ,オフ,オフ,オフ,オフ
2026-10-06,火,S10,オフ,オフ,オフ,オフ,オフ,オフ,オフ,オフ,オフ,オフ,オフ,オフ,オフ,オフ,オフ,オフ,オフ,オフ,勤務,勤務,勤務,勤務,オフ,オフ,オフ
2026-10-06,火,S11,オフ,オフ,オフ,オフ,オフ,オフ,オフ,オフ,オフ,オフ,オフ,勤務,勤務,勤務,勤務,休憩,休憩,勤務,勤務,オフ,オフ,オフ,オフ,オフ,オフ
2026-10-06,火,S12,オフ,オフ,オフ,オフ,オフ,オフ,オフ,オフ,オフ,オフ,オフ,オフ,オフ,オフ,オフ,オフ,オフ,オフ,オフ,オフ,オフ,オフ,オフ,オフ,オフ
2026-10-06,火,S13,オフ,オフ,オフ,オフ,オフ,オフ,オフ,オフ,オフ,オフ,オフ,オフ,オフ,オフ,オフ,オフ,オフ,オフ,オフ,オフ,オフ,オフ,オフ,オフ,オフ
2026-10-06,火,S14,オフ,オフ,オフ,オフ,オフ,オフ,オフ,オフ,オフ,勤務,休憩,勤務,勤務,勤務,勤務,勤務,勤務,勤務,オフ,オフ,オフ,オフ,オフ,オフ,オフ
2026-10-06,火,S15,オフ,オフ,オフ,勤務,勤務,休憩,休憩,休憩,休憩,勤務,勤務,勤務,勤務,勤務,勤務,オフ,オフ,オフ,オフ,オフ,オフ,オフ,オフ,オフ,オフ
2026-10-06,火,S16,オフ,オフ,オフ,オフ,オフ,オフ,オフ,オフ,オフ,オフ,オフ,オフ,オフ,オフ,オフ,オフ,オフ,オフ,オフ,オフ,オフ,オフ,オフ,オフ,オフ
2026-10-06,火,S17,オフ,オフ,オフ,オフ,オフ,オフ,オフ,オフ,オフ,オフ,オフ,オフ,オフ,オフ,オフ,勤務,勤務,勤務,勤務,勤務,勤務,オフ,オフ,オフ,オフ
2026-10-06,火,S18,オフ,オフ,勤務,勤務,勤務,勤務,勤務,勤務,休憩,休憩,休憩,休憩,休憩,勤務,勤務,勤務,勤務,オフ,オフ,オフ,オフ,オフ,オフ,オフ,オフ
2026-10-06,火,S19,オフ,オフ,オフ,オフ,オフ,オフ,オフ,オフ,オフ,オフ,オフ,オフ,オフ,オフ,オフ,オフ,オフ,オフ,オフ,オフ,オフ,オフ,勤務,勤務,勤務
2026-10-06,火,S20,オフ,オフ,オフ,オフ,オフ,オフ,オフ,オフ,オフ,オフ,オフ,オフ,オフ,オフ,オフ,オフ,オフ,オフ,オフ,オフ,オフ,オフ,オフ,オフ,オフ
2026-10-06,火,S21,オフ,オフ,オフ,オフ,オフ,オフ,オフ,オフ,オフ,オフ,オフ,オフ,オフ,オフ,オフ,オフ,オフ,オフ,オフ,オフ,オフ,オフ,オフ,オフ,オフ
2026-10-06,火,S22,オフ,オフ,オフ,オフ,オフ,オフ,勤務,休憩,休憩,休憩,勤務,勤務,オフ,オフ,オフ,オフ,オフ,オフ,オフ,オフ,オフ,オフ,オフ,オフ,オフ
2026-10-06,火,S23,オフ,オフ,オフ,オフ,オフ,オフ,オフ,オフ,オフ,オフ,オフ,オフ,オフ,オフ,オフ,オフ,オフ,オフ,オフ,オフ,オフ,オフ,オフ,オフ,オフ
2026-10-06,火,S24,勤務,勤務,勤務,休憩,オフ,オフ,オフ,オフ,オフ,オフ,オフ,オフ,オフ,オフ,オフ,オフ,オフ,オフ,オフ,オフ,オフ,オフ,オフ,オフ,オフ
2026-10-06,火,S25,オフ,オフ,オフ,オフ,オフ,オフ,オフ,オフ,オフ,オフ,オフ,オフ,オフ,オフ,オフ,オフ,オフ,オフ,オフ,勤務,勤務,勤務,オフ,オフ,オフ
2026-10-06,火,S26,オフ,オフ,勤務,勤務,休憩,休憩,休憩,勤務,勤務,勤務,勤務,勤務,勤務,オフ,オフ,オフ,オフ,オフ,オフ,オフ,オフ,オフ,オフ,オフ,オフ
2026-10-06,火,S27,オフ,オフ,オフ,オフ,オフ,オフ,オフ,オフ,オフ,オフ,オフ,オフ,オフ,オフ,オフ,オフ,オフ,オフ,オフ,オフ,オフ,オフ,オフ,オフ,オフ
2026-10-06,火,S28,オフ,オフ,オフ,オフ,オフ,オフ,オフ,オフ,オフ,オフ,オフ,オフ,オフ,オフ,オフ,オフ,オフ,オフ,オフ,オフ,オフ,オフ,オフ,オフ,オフ
2026-10-07,水,S01,オフ,オフ,オフ,勤務,勤務,勤務,勤務,勤務,勤務,勤務,勤務,勤務,勤務,勤務,勤務,勤務,勤務,休憩,休憩,勤務,勤務,勤務,オフ,オフ,オフ
2026-10-07,水,S02,オフ,オフ,オフ,オフ,オフ,オフ,オフ,オフ,オフ,オフ,オフ,オフ,オフ,オフ,オフ,オフ,勤務,勤務,勤務,勤務,休憩,勤務,勤務,勤務,勤務
2026-10-07,水,S03,オフ,オフ,オフ,オフ,オフ,オフ,オフ,オフ,オフ,オフ,勤務,勤務,勤務,勤務,勤務,勤務,休憩,休憩,勤務,勤務,勤務,オフ,オフ,オフ,オフ
2026-10-07,水,S04,オフ,オフ,オフ,オフ,オフ,オフ,オフ,オフ,オフ,勤務,勤務,オフ,オフ,オフ,勤務,勤務,勤務,勤務,勤務,勤務,勤務,勤務,オフ,オフ,オフ
2026-10-07,水,S05,勤務,勤務,勤務,勤務,勤務,勤務,休憩,勤務,勤務,勤務,勤務,勤務,勤務,オフ,オフ,オフ,オフ,オフ,オフ,オフ,オフ,オフ,オフ,オフ,オフ
2026-10-07,水,S06,オフ,オフ,勤務,勤務,勤務,勤務,休憩,休憩,勤務,勤務,勤務,勤務,勤務,勤務,勤務,勤務,勤務,勤務,オフ,オフ,オフ,オフ,オフ,オフ,オフ
2026-10-07,水,S07,オフ,オフ,オフ,オフ,オフ,オフ,オフ,オフ,オフ,オフ,オフ,オフ,オフ,オフ,オフ,オフ,オフ,オフ,オフ,オフ,オフ,オフ,オフ,オフ,オフ
2026-10-07,水,S08,オフ,オフ,オフ,オフ,オフ,オフ,オフ,オフ,オフ,オフ,オフ,オフ,オフ,オフ,オフ,オフ,オフ,オフ,オフ,オフ,オフ,オフ,オフ,オフ,オフ
2026-10-07,水,S09,オフ,オフ,オフ,オフ,オフ,オフ,オフ,オフ,オフ,オフ,オフ,オフ,オフ,オフ,オフ,オフ,オフ,オフ,オフ,オフ,オフ,オフ,オフ,オフ,オフ
2026-10-07,水,S10,オフ,オフ,オフ,オフ,オフ,オフ,オフ,オフ,オフ,オフ,オフ,オフ,オフ,オフ,オフ,オフ,オフ,オフ,オフ,勤務,勤務,オフ,オフ,オフ,オフ
2026-10-07,水,S11,オフ,オフ,勤務,勤務,勤務,勤務,勤務,休憩,休憩,休憩,休憩,休憩,休憩,休憩,勤務,オフ,オフ,オフ,オフ,オフ,オフ,オフ,オフ,オフ,オフ
2026-10-07,水,S12,オフ,オフ,オフ,オフ,オフ,勤務,勤務,勤務,勤務,勤務,勤務,勤務,勤務,勤務,休憩,休憩,休憩,勤務,勤務,オフ,オフ,オフ,オフ,オフ,オフ
2026-10-07,水,S13,オフ,オフ,オフ,オフ,オフ,オフ,オフ,オフ,オフ,オフ,オフ,オフ,オフ,オフ,オフ,オフ,オフ,オフ,オフ,オフ,オフ,オフ,オフ,オフ,オフ
2026-10-07,水,S14,オフ,オフ,オフ,オフ,オフ,オフ,オフ,オフ,オフ,オフ,オフ,オフ,オフ,オフ,オフ,オフ,オフ,オフ,オフ,オフ,オフ,勤務,勤務,オフ,オフ
2026-10-07,水,S15,オフ,オフ,オフ,勤務,勤務,休憩,勤務,勤務,勤務,オフ,オフ,オフ,オフ,オフ,オフ,オフ,オフ,オフ,オフ,オフ,オフ,オフ,オフ,オフ,オフ
2026-10-07,水,S16,オフ,オフ,オフ,オフ,オフ,オフ,オフ,オフ,オフ,オフ,オフ,オフ,オフ,オフ,オフ,オフ,オフ,オフ,オフ,オフ,オフ,オフ,オフ,オフ,オフ
2026-10-07,水,S17,オフ,オフ,オフ,オフ,オフ,オフ,勤務,勤務,休憩,休憩,休憩,勤務,勤務,勤務,オフ,オフ,オフ,オフ,オフ,オフ,オフ,オフ,オフ,オフ,オフ
2026-10-07,水,S18,オフ,オフ,オフ,勤務,勤務,勤務,勤務,勤務,休憩,休憩,オフ,オフ,オフ,オフ,オフ,オフ,オフ,オフ,オフ,オフ,オフ,オフ,オフ,オフ,オフ
2026-10-07,水,S19,オフ,オフ,オフ,オフ,オフ,オフ,オフ,オフ,オフ,オフ,オフ,オフ,オフ,オフ,オフ,オフ,オフ,オフ,オフ,オフ,オフ,オフ,オフ,オフ,オフ
2026-10-07,水,S20,オフ,オフ,オフ,オフ,オフ,オフ,オフ,オフ,オフ,オフ,オフ,オフ,オフ,オフ,オフ,オフ,オフ,オフ,オフ,オフ,オフ,オフ,オフ,オフ,オフ
2026-10-07,水,S21,オフ,オフ,オフ,オフ,オフ,オフ,オフ,オフ,オフ,オフ,オフ,オフ,オフ,オフ,オフ,オフ,オフ,オフ,オフ,オフ,オフ,オフ,オフ,オフ,オフ
2026-10-07,水,S22,オフ,オフ,オフ,オフ,オフ,オフ,オフ,オフ,オフ,オフ,オフ,オフ,オフ,オフ,オフ,オフ,オフ,オフ,オフ,オフ,オフ,オフ,オフ,オフ,オフ
2026-10-07,水,S23,勤務,勤務,勤務,休憩,休憩,休憩,休憩,休憩,休憩,休憩,休憩,休憩,休憩,休憩,休憩,休憩,休憩,休憩,休憩,休憩,休憩,休憩,勤務,勤務,勤務
2026-10-07,水,S24,オフ,オフ,オフ,オフ,オフ,オフ,オフ,オフ,オフ,オフ,オフ,オフ,オフ,オフ,オフ,オフ,オフ,オフ,オフ,オフ,オフ,オフ,オフ,オフ,オフ
2026-10-07,水,S25,オフ,オフ,オフ,オフ,オフ,オフ,オフ,オフ,オフ,オフ,オフ,オフ,オフ,オフ,オフ,勤務,勤務,勤務,勤務,勤務,勤務,オフ,オフ,オフ,オフ
2026-10-07,水,S26,オフ,オフ,オフ,オフ,オフ,オフ,オフ,オフ,勤務,勤務,休憩,勤務,勤務,勤務,勤務,勤務,勤務,オフ,オフ,オフ,オフ,オフ,オフ,オフ,オフ
2026-10-07,水,S27,オフ,オフ,オフ,オフ,オフ,オフ,オフ,オフ,オフ,オフ,オフ,オフ,オフ,オフ,オフ,オフ,オフ,オフ,オフ,オフ,オフ,オフ,オフ,オフ,オフ
2026-10-07,水,S28,オフ,オフ,オフ,オフ,オフ,オフ,オフ,オフ,オフ,オフ,オフ,オフ,オフ,オフ,オフ,オフ,オフ,オフ,オフ,オフ,オフ,オフ,オフ,オフ,オフ
2026-10-08,木,S01,オフ,オフ,オフ,オフ,オフ,オフ,オフ,オフ,オフ,オフ,オフ,オフ,オフ,勤務,勤務,勤務,休憩,勤務,勤務,勤務,勤務,オフ,オフ,オフ,オフ
2026-10-08,木,S02,オフ,オフ,勤務,勤務,勤務,休憩,休憩,休憩,勤務,オフ,オフ,オフ,オフ,勤務,勤務,勤務,勤務,勤務,勤務,勤務,オフ,オフ,オフ,オフ,オフ
2026-10-08,木,S03,勤務,勤務,勤務,勤務,オフ,オフ,オフ,オフ,オフ,オフ,勤務,勤務,休憩,休憩,勤務,勤務,勤務,勤務,勤務,勤務,勤務,オフ,オフ,オフ,オフ
2026-10-08,木,S04,オフ,オフ,オフ,勤務,勤務,勤務,休憩,休憩,勤務,勤務,勤務,勤務,勤務,勤務,勤務,勤務,勤務,オフ,オフ,オフ,オフ,オフ,オフ,オフ,オフ
2026-10-08,木,S05,オフ,オフ,オフ,オフ,オフ,オフ,オフ,オフ,オフ,オフ,オフ,オフ,オフ,オフ,勤務,勤務,勤務,勤務,勤務,勤務,休憩,休憩,勤務,勤務,勤務
2026-10-08,木,S06,オフ,オフ,オフ,オフ,オフ,オフ,オフ,勤務,勤務,勤務,休憩,休憩,休憩,休憩,休憩,休憩,休憩,休憩,休憩,休憩,勤務,勤務,オフ,オフ,オフ
2026-10-08,木,S07,オフ,オフ,オフ,オフ,オフ,オフ,オフ,オフ,オフ,オフ,オフ,オフ,オフ,オフ,オフ,オフ,オフ,オフ,オフ,オフ,オフ,オフ,オフ,オフ,オフ
2026-10-08,木,S08,オフ,オフ,オフ,オフ,オフ,オフ,オフ,オフ,オフ,オフ,オフ,オフ,勤務,勤務,休憩,休憩,オフ,オフ,オフ,オフ,オフ,オフ,オフ,オフ,オフ
2026-10-08,木,S09,オフ,オフ,オフ,オフ,オフ,勤務,勤務,勤務,勤務,勤務,休憩,休憩,勤務,勤務,オフ,オフ,オフ,オフ,オフ,オフ,オフ,オフ,オフ,オフ,オフ
2026-10-08,木,S10,オフ,オフ,オフ,オフ,オフ,勤務,勤務,勤務,オフ,オフ,オフ,オフ,オフ,オフ,オフ,オフ,オフ,オフ,オフ,オフ,オフ,オフ,オフ,オフ,オフ
2026-10-08,木,S11,オフ,オフ,勤務,勤務,勤務,勤務,勤務,休憩,休憩,休憩,オフ,オフ,オフ,オフ,オフ,オフ,オフ,オフ,オフ,オフ,オフ,オフ,オフ,オフ,オフ
2026-10-08,木,S12,オフ,オフ,オフ,オフ,オフ,オフ,オフ,オフ,オフ,オフ,オフ,オフ,オフ,オフ,オフ,オフ,オフ,オフ,オフ,オフ,オフ,オフ,オフ,オフ,オフ
2026-10-08,木,S13,オフ,オフ,勤務,勤務,勤務,勤務,勤務,勤務,休憩,オフ,オフ,オフ,オフ,オフ,オフ,オフ,オフ,オフ,オフ,オフ,オフ,オフ,オフ,オフ,オフ
2026-10-08,木,S14,オフ,オフ,オフ,オフ,オフ,オフ,オフ,オフ,オフ,オフ,オフ,オフ,オフ,オフ,オフ,オフ,オフ,オフ,オフ,オフ,オフ,オフ,オフ,オフ,オフ
2026-10-08,木,S15,オフ,オフ,オフ,オフ,オフ,オフ,オフ,オフ,オフ,オフ,オフ,勤務,勤務,オフ,オフ,オフ,オフ,オフ,オフ,オフ,オフ,オフ,オフ,オフ,オフ
2026-10-08,木,S16,オフ,オフ,オフ,オフ,オフ,オフ,オフ,オフ,勤務,勤務,勤務,オフ,オフ,オフ,オフ,オフ,オフ,オフ,オフ,オフ,オフ,オフ,オフ,オフ,オフ
2026-10-08,木,S17,オフ,オフ,オフ,オフ,オフ,オフ,オフ,オフ,オフ,オフ,オフ,オフ,オフ,オフ,オフ,オフ,オフ,オフ,オフ,勤務,勤務,勤務,勤務,オフ,オフ
2026-10-08,木,S18,オフ,オフ,オフ,オフ,オフ,オフ,オフ,オフ,オフ,オフ,勤務,勤務,勤務,オフ,オフ,オフ,オフ,オフ,オフ,オフ,オフ,オフ,オフ,オフ,オフ
2026-10-08,木,S19,オフ,オフ,オフ,オフ,オフ,オフ,オフ,オフ,オフ,オフ,オフ,オフ,オフ,オフ,オフ,オフ,オフ,オフ,オフ,オフ,オフ,オフ,オフ,オフ,オフ
2026-10-08,木,S20,勤務,休憩,休憩,休憩,休憩,休憩,休憩,休憩,休憩,休憩,休憩,休憩,休憩,休憩,休憩,休憩,オフ,オフ,オフ,オフ,オフ,オフ,オフ,オフ,オフ
2026-10-08,木,S21,オフ,オフ,オフ,オフ,オフ,オフ,オフ,オフ,オフ,オフ,オフ,オフ,オフ,オフ,オフ,オフ,オフ,オフ,オフ,オフ,勤務,勤務,勤務,勤務,勤務
2026-10-08,木,S22,オフ,オフ,オフ,オフ,オフ,オフ,オフ,オフ,オフ,オフ,オフ,オフ,オフ,オフ,オフ,オフ,オフ,オフ,オフ,オフ,オフ,オフ,オフ,オフ,オフ
2026-10-08,木,S23,オフ,オフ,オフ,オフ,オフ,オフ,オフ,オフ,オフ,オフ,オフ,オフ,オフ,オフ,オフ,オフ,オフ,オフ,オフ,オフ,オフ,オフ,オフ,オフ,オフ
2026-10-08,木,S24,オフ,オフ,オフ,オフ,オフ,オフ,オフ,オフ,オフ,オフ,オフ,オフ,オフ,オフ,オフ,オフ,オフ,オフ,オフ,オフ,オフ,オフ,オフ,オフ,オフ
2026-10-08,木,S25,オフ,勤務,勤務,勤務,勤務,休憩,勤務,勤務,勤務,勤務,勤務,勤務,勤務,勤務,勤務,勤務,勤務,勤務,勤務,オフ,オフ,オフ,オフ,オフ,オフ
2026-10-08,木,S26,オフ,オフ,オフ,オフ,勤務,勤務,勤務,勤務,休憩,勤務,勤務,勤務,オフ,オフ,オフ,オフ,オフ,オフ,オフ,オフ,オフ,オフ,オフ,オフ,オフ
2026-10-08,木,S27,オフ,オフ,オフ,オフ,オフ,オフ,オフ,オフ,オフ,オフ,オフ,オフ,オフ,オフ,オフ,オフ,オフ,オフ,オフ,オフ,オフ,オフ,オフ,オフ,オフ
2026-10-08,木,S28,オフ,オフ,オフ,オフ,オフ,オフ,オフ,オフ,オフ,オフ,オフ,オフ,オフ,オフ,オフ,オフ,オフ,オフ,オフ,オフ,オフ,オフ,オフ,オフ,オフ
