区分,コード,日付,職員ID,内容
要調整,MONTHLY_HOURS_SHORT,,S01,S01 の勤務時間が 29.00 時間（6日間）で、契約の年間基準から求めた下限 29.1 時間に届いていません。（週契約 40.0 時間／月契約 150〜185 時間）
要調整,MONTHLY_HOURS_SHORT,,S07,S07 の勤務時間が 7.00 時間（6日間）で、契約の年間基準から求めた下限 9.9 時間に届いていません。（週契約 25.0 時間／月契約 50〜110 時間）
要調整,MONTHLY_HOURS_SHORT,,S08,S08 の勤務時間が 9.50 時間（6日間）で、契約の年間基準から求めた下限 9.9 時間に届いていません。（週契約 30.0 時間／月契約 50〜110 時間）
要調整,MONTHLY_HOURS_SHORT,,S09,S09 の勤務時間が 8.50 時間（6日間）で、契約の年間基準から求めた下限 9.9 時間に届いていません。（週契約 26.0 時間／月契約 50〜110 時間）
要調整,MONTHLY_HOURS_SHORT,,S10,S10 の勤務時間が 7.50 時間（6日間）で、契約の年間基準から求めた下限 9.9 時間に届いていません。（週契約 26.0 時間／月契約 50〜110 時間）
要調整,MONTHLY_HOURS_SHORT,,S11,S11 の勤務時間が 9.00 時間（6日間）で、契約の年間基準から求めた下限 9.9 時間に届いていません。（週契約 25.0 時間／月契約 50〜110 時間）
要調整,MONTHLY_HOURS_SHORT,,S12,S12 の勤務時間が 9.00 時間（6日間）で、契約の年間基準から求めた下限 9.9 時間に届いていません。（週契約 25.0 時間／月契約 50〜110 時間）
要調整,MONTHLY_HOURS_SHORT,,S13,S13 の勤務時間が 9.50 時間（6日間）で、契約の年間基準から求めた下限 9.9 時間に届いていません。（週契約 28.0 時間／月契約 50〜110 時間）
要調整,MONTHLY_HOURS_SHORT,,S14,S14 の勤務時間が 9.50 時間（6日間）で、契約の年間基準から求めた下限 9.9 時間に届いていません。（週契約 25.0 時間／月契約 50〜110 時間）
要調整,MONTHLY_HOURS_SHORT,,S16,S16 の勤務時間が 9.00 時間（6日間）で、契約の年間基準から求めた下限 9.9 時間に届いていません。（週契約 30.0 時間／月契約 50〜110 時間）
要調整,MONTHLY_HOURS_SHORT,,S20,S20 の勤務時間が 6.50 時間（6日間）で、契約の年間基準から求めた下限 7.9 時間に届いていません。（週契約 22.0 時間／月契約 40〜100 時間）
要調整,MONTHLY_HOURS_SHORT,,S25,S25 の勤務時間が 28.50 時間（6日間）で、契約の年間基準から求めた下限 29.1 時間に届いていません。（週契約 40.0 時間／月契約 150〜185 時間）
要調整,MONTHLY_HOURS_SHORT,,S27,S27 の勤務時間が 0.00 時間（6日間）で、契約の年間基準から求めた下限 11.8 時間に届いていません。（週契約 30.0 時間／月契約 60〜110 時間）
要調整,MONTHLY_HOURS_SHORT,,S28,S28 の勤務時間が 0.00 時間（6日間）で、契約の年間基準から求めた下限 29.1 時間に届いていません。（週契約 40.0 時間／月契約 150〜185 時間）
要調整,CONSECUTIVE_DAYS,2026-10-02,S01,S01 は 2026-10-02 から 6 日連続勤務しており、契約上限（5 日）を超えています。
要調整,CONSECUTIVE_DAYS,2026-10-02,S02,S02 は 2026-10-02 から 6 日連続勤務しており、契約上限（5 日）を超えています。
要調整,CONSECUTIVE_DAYS,2026-10-02,S03,S03 は 2026-10-02 から 6 日連続勤務しており、契約上限（5 日）を超えています。
要調整,CONSECUTIVE_DAYS,2026-10-02,S04,S04 は 2026-10-02 から 6 日連続勤務しており、契約上限（5 日）を超えています。
要調整,CONSECUTIVE_DAYS,2026-10-02,S05,S05 は 2026-10-02 から 6 日連続勤務しており、契約上限（5 日）を超えています。
要調整,CONSECUTIVE_DAYS,2026-10-02,S06,S06 は 2026-10-02 から 6 日連続勤務しており、契約上限（5 日）を超えています。
要調整,CONSECUTIVE_DAYS,2026-10-02,S25,S25 は 2026-10-02 から 6 日連続勤務しており、契約上限（5 日）を超えています。
要調整,CONSECUTIVE_DAYS,2026-10-02,S26,S26 は 2026-10-02 から 6 日連続勤務しており、契約上限（5 日）を超えています。
要調整,WEEKLY_DAYS_EXCEEDED,2026-10-02,S01,S01 は 2026-10-02 から 2026-10-08 の1 週間で 6 日出勤し、契約上限（週 5 日）を超えています。
要調整,WEEKLY_DAYS_EXCEEDED,2026-10-02,S02,S02 は 2026-10-02 から 2026-10-08 の1 週間で 6 日出勤し、契約上限（週 5 日）を超えています。
要調整,WEEKLY_DAYS_EXCEEDED,2026-10-02,S03,S03 は 2026-10-02 から 2026-10-08 の1 週間で 6 日出勤し、契約上限（週 5 日）を超えています。
要調整,WEEKLY_DAYS_EXCEEDED,2026-10-02,S04,S04 は 2026-10-02 から 2026-10-08 の1 週間で 6 日出勤し、契約上限（週 5 日）を超えています。
要調整,WEEKLY_DAYS_EXCEEDED,2026-10-02,S05,S05 は 2026-10-02 から 2026-10-08 の1 週間で 6 日出勤し、契約上限（週 5 日）を超えています。
要調整,WEEKLY_DAYS_EXCEEDED,2026-10-02,S06,S06 は 2026-10-02 から 2026-10-08 の1 週間で 6 日出勤し、契約上限（週 5 日）を超えています。
要調整,WEEKLY_DAYS_EXCEEDED,2026-10-02,S25,S25 は 2026-10-02 から 2026-10-08 の1 週間で 6 日出勤し、契約上限（週 5 日）を超えています。
要調整,WEEKLY_DAYS_EXCEEDED,2026-10-02,S26,S26 は 2026-10-02 から 2026-10-08 の1 週間で 6 日出勤し、契約上限（週 5 日）を超えています。
要調整,BREAK_INSUFFICIENT,2026-10-03,S19,S19 は 2026-10-03 の休憩が 0 分しかなく、必要な 60 分に届いていません（基準 45 分）。
要調整,SPLIT_SHIFT,2026-10-03,S02,S02 は 2026-10-03 の勤務が 3 ブロックに分かれています。
要調整,SPLIT_SHIFT,2026-10-03,S21,S21 は 2026-10-03 の勤務が 3 ブロックに分かれています。
要調整,SPLIT_SHIFT,2026-10-03,S23,S23 は 2026-10-03 の勤務が 3 ブロックに分かれています。
要調整,SPLIT_SHIFT,2026-10-05,S04,S04 は 2026-10-05 の勤務が 3 ブロックに分かれています。
要調整,BREAK_INSUFFICIENT,2026-10-06,S06,S06 は 2026-10-06 の休憩が 30 分しかなく、必要な 60 分に届いていません（基準 45 分）。
要調整,SPLIT_SHIFT,2026-10-06,S03,S03 は 2026-10-06 の勤務が 4 ブロックに分かれています。
要調整,BREAK_INSUFFICIENT,2026-10-08,S25,S25 は 2026-10-08 の休憩が 30 分しかなく、必要な 60 分に届いていません（基準 45 分）。
要調整,SPLIT_SHIFT,2026-10-08,S02,S02 は 2026-10-08 の勤務が 3 ブロックに分かれています。
要調整,SPLIT_SHIFT,2026-10-08,S03,S03 は 2026-10-08 の勤務が 3 ブロックに分かれています。
参考,HOURS_IMBALANCE,,,勤務時間の偏りが大きいです（最大 30.5 時間 / 最小 0.0 時間）。
参考,BREAK_OVERLAP,2026-10-03,,2026-10-03 13:00-13:30 は同時に休憩する職員が 6 名います（目安は在勤者数の25%）。
